,aff_no,age,Act1,Act2,traveltime,studytime,failures,schoolsup,famsup,paid,activities,nursery,higher,internet,roomate,famrel,freetime,goout,Dalc,Walc,health,absences,hindi_mrk(10),eng_mrk(10),socil_mrk(10),sci_mrk(10),skt_mrk(10),math_mrk(10),perc(total_avg),site_sel,G1_11F,G2 _11S,G3_12,SugSite,NewSite,G4_12S
0,1130144.0,18.0,4.0,4.0,2.0,2.0,0.0,1,0,0,,,,,,4.0,3.0,4.0,1.0,1.0,3.0,6.0,39.0,25.0,26.0,82.0,76.0,26.0,45.66666667,0,67.0,91.0,67.0,No,0,87.860634
1,930205.0,17.0,1.0,1.0,1.0,2.0,0.0,0,1,0,,,,,,5.0,3.0,3.0,1.0,1.0,3.0,4.0,45.0,84.0,65.0,46.0,94.0,27.0,60.16666667,1,79.33,78.33,79.33,No,1,91.0866
2,1630448.0,15.0,1.0,1.0,1.0,2.0,3.0,1,0,1,,,,,,4.0,3.0,2.0,2.0,3.0,3.0,10.0,71.0,90.0,68.0,55.0,69.0,25.0,63.0,1,65.0,68.0,65.0,No,1,60.70674
3,2752028.0,15.0,4.0,2.0,1.0,3.0,0.0,0,1,1,,,,,,3.0,2.0,2.0,1.0,1.0,5.0,2.0,36.0,20.0,99.0,88.0,64.0,43.0,58.33333333,0,56.0,52.0,56.0,Yes,2,60.172134
4,2220160.0,16.0,3.0,3.0,1.0,2.0,0.0,0,1,1,,,,,,4.0,3.0,2.0,1.0,2.0,5.0,4.0,99.0,49.0,73.0,90.0,22.0,99.0,72.0,1,85.8,73.6,85.8,No,1,41.5299
5,2132343.0,16.0,4.0,3.0,1.0,2.0,0.0,0,1,1,,,,,,5.0,4.0,2.0,1.0,2.0,5.0,10.0,44.0,37.0,14.0,30.0,98.0,39.0,43.66666667,0,55.0,49.8,55.0,Yes,0,66.611946
6,330018.0,16.0,2.0,2.0,1.0,2.0,0.0,0,0,0,,,,,,4.0,4.0,4.0,1.0,1.0,3.0,0.0,58.0,40.0,30.0,71.0,47.0,21.0,44.5,0,46.0,49.2,46.0,Yes,1,88.30791
7,2730281.0,17.0,4.0,4.0,2.0,2.0,0.0,1,1,0,,,,,,4.0,1.0,4.0,1.0,1.0,1.0,6.0,89.0,97.0,48.0,87.0,74.0,14.0,68.16666667,1,82.0,64.0,82.0,No,1,61.78708
8,1030210.0,15.0,3.0,2.0,1.0,2.0,0.0,0,1,1,,,,,,4.0,2.0,2.0,1.0,1.0,1.0,0.0,92.0,19.0,77.0,4.0,62.0,36.0,48.33333333,0,73.0,79.0,73.0,No,0,95.56711
9,3430197.0,15.0,3.0,4.0,1.0,2.0,0.0,0,1,1,,,,,,5.0,5.0,1.0,1.0,1.0,5.0,0.0,77.0,65.0,19.0,94.0,20.0,44.0,53.16666667,0,58.0,70.0,58.0,Yes,2,85.56509
10,530469.0,15.0,4.0,4.0,1.0,2.0,0.0,0,1,1,,,,,,3.0,3.0,3.0,1.0,2.0,2.0,0.0,62.0,85.0,73.0,33.0,34.0,30.0,52.83333333,0,58.0,61.0,58.0,Yes,0,90.87744
11,1700018.0,15.0,2.0,1.0,3.0,3.0,0.0,0,1,0,,,,,,5.0,2.0,2.0,1.0,1.0,4.0,4.0,70.0,0.0,49.0,54.0,59.0,28.0,43.33333333,0,69.6,68.4,69.6,No,0,75.9442
12,1130499.0,15.0,4.0,4.0,1.0,1.0,0.0,0,1,1,,,,,,4.0,3.0,3.0,1.0,3.0,5.0,2.0,92.0,92.0,94.0,20.0,95.0,18.0,68.5,1,47.0,55.0,47.0,Yes,1,95.337616
13,1630822.0,15.0,4.0,3.0,2.0,2.0,0.0,0,1,1,,,,,,5.0,4.0,3.0,1.0,2.0,3.0,2.0,90.0,49.0,88.0,60.0,38.0,12.0,56.16666667,0,77.0,87.0,77.0,No,0,53.87552
14,930557.0,15.0,2.0,2.0,1.0,3.0,0.0,0,1,0,,,,,,4.0,5.0,2.0,1.0,1.0,3.0,0.0,29.0,48.0,74.0,93.0,35.0,22.0,50.16666667,0,62.0,47.0,62.0,No,0,59.698944
15,830770.0,16.0,4.0,4.0,1.0,1.0,0.0,0,1,0,,,,,,4.0,4.0,4.0,1.0,2.0,2.0,4.0,87.0,49.0,35.0,73.0,81.0,4.0,54.83333333,0,65.0,75.0,65.0,No,0,83.128944
16,2730550.0,16.0,4.0,4.0,1.0,3.0,0.0,0,1,1,,,,,,3.0,2.0,3.0,1.0,2.0,2.0,6.0,60.0,1.0,15.0,37.0,31.0,72.0,36.0,0,63.0,66.2,63.0,No,0,87.97566
17,2132804.0,16.0,3.0,3.0,3.0,2.0,0.0,1,1,0,,,,,,5.0,3.0,2.0,1.0,1.0,4.0,4.0,15.0,13.0,11.0,13.0,37.0,20.0,84.0,2,55.0,67.0,55.0,Yes,2,72.27094
18,3330107.0,17.0,3.0,2.0,1.0,1.0,3.0,0,1,0,,,,,,5.0,5.0,5.0,2.0,4.0,5.0,16.0,44.0,35.0,98.0,34.0,8.0,53.0,45.33333333,0,63.0,66.0,63.0,No,0,53.274284
19,1030583.0,16.0,4.0,3.0,1.0,1.0,0.0,0,0,1,,,,,,3.0,1.0,3.0,1.0,3.0,5.0,4.0,53.0,40.0,60.0,52.0,39.0,20.0,44.0,0,60.0,67.0,60.0,No,0,59.21403
20,5230004.0,15.0,4.0,3.0,1.0,2.0,0.0,0,0,0,,,,,,4.0,4.0,1.0,1.0,1.0,1.0,0.0,61.0,70.0,86.0,59.0,91.0,80.0,74.5,2,62.0,65.0,62.0,No,2,89.50257
21,1730187.0,15.0,4.0,4.0,1.0,1.0,0.0,0,1,1,,,,,,5.0,4.0,2.0,1.0,1.0,5.0,0.0,85.0,13.0,40.0,18.0,17.0,35.0,34.66666667,1,79.0,76.0,79.0,No,1,46.631577
22,1520105.0,16.0,4.0,2.0,1.0,2.0,0.0,0,0,0,,,,,,4.0,5.0,1.0,1.0,3.0,5.0,2.0,92.0,3.0,69.0,39.0,31.0,25.0,43.16666667,1,69.8,60.8,69.8,No,1,109.12327
23,830298.0,16.0,2.0,2.0,2.0,2.0,0.0,0,1,0,,,,,,5.0,4.0,4.0,2.0,4.0,5.0,0.0,19.0,41.0,14.0,98.0,68.0,67.0,51.16666667,1,77.4,60.0,77.4,No,1,57.941116
24,2131639.0,15.0,2.0,4.0,1.0,3.0,0.0,1,1,1,,,,,,4.0,3.0,2.0,1.0,1.0,5.0,2.0,18.0,35.0,70.0,90.0,82.0,96.0,65.16666667,1,76.5,97.7,76.5,No,1,65.34954
25,2400029.0,16.0,2.0,2.0,1.0,1.0,2.0,0,1,1,,,,,,1.0,2.0,2.0,1.0,3.0,5.0,14.0,12.0,35.0,37.0,32.0,70.0,66.0,42.0,1,52.58,54.6,52.58,Yes,0,75.722466
26,531264.0,15.0,2.0,2.0,1.0,1.0,0.0,0,1,1,,,,,,4.0,2.0,2.0,1.0,2.0,5.0,2.0,36.0,72.0,88.0,74.0,70.0,59.0,66.5,1,71.0,79.0,71.0,No,1,56.21584
27,3600021.0,15.0,4.0,2.0,1.0,1.0,0.0,0,0,1,,,,,,2.0,2.0,4.0,2.0,4.0,1.0,4.0,33.0,92.0,14.0,54.0,12.0,41.0,41.0,1,63.0,67.0,63.0,No,1,82.572815
28,1930304.0,16.0,3.0,4.0,1.0,2.0,0.0,1,1,0,,,,,,5.0,3.0,3.0,1.0,1.0,5.0,4.0,41.0,85.0,45.0,99.0,45.0,95.0,68.33333333,1,76.76,76.5,76.76,No,1,53.58089
29,1730538.0,16.0,4.0,4.0,1.0,2.0,0.0,0,1,1,,,,,,4.0,4.0,5.0,5.0,5.0,5.0,16.0,28.0,45.0,30.0,14.0,88.0,58.0,43.83333333,1,62.0,67.0,62.0,No,1,109.731674
30,2130293.0,15.0,4.0,4.0,1.0,2.0,0.0,0,1,1,,,,,,5.0,4.0,2.0,3.0,4.0,5.0,0.0,26.0,32.0,8.0,19.0,70.0,55.0,35.0,1,64.0,73.5,64.0,No,1,61.28261
31,730027.0,15.0,4.0,4.0,2.0,2.0,0.0,0,1,0,,,,,,4.0,3.0,1.0,1.0,1.0,5.0,0.0,81.0,61.0,90.0,20.0,56.0,46.0,59.0,1,67.0,53.0,67.0,No,1,67.50016
32,130007.0,15.0,4.0,3.0,1.0,2.0,0.0,0,1,0,,,,,,4.0,5.0,2.0,1.0,1.0,5.0,0.0,72.0,82.0,92.0,63.0,85.0,30.0,70.66666667,1,61.0,81.0,61.0,No,1,38.33326
33,931044.0,15.0,3.0,3.0,1.0,2.0,0.0,0,0,0,,,,,,5.0,3.0,2.0,1.0,1.0,2.0,0.0,81.0,74.0,16.0,30.0,70.0,40.0,51.83333333,1,87.0,65.0,87.0,No,1,56.60981
34,2131989.0,16.0,3.0,2.0,1.0,1.0,0.0,0,1,1,,,,,,5.0,4.0,3.0,1.0,1.0,5.0,0.0,97.0,96.0,96.0,39.0,93.0,91.0,85.33333333,2,62.0,51.0,62.0,No,2,41.214928
35,2520046.0,15.0,2.0,3.0,2.0,1.0,0.0,0,1,0,,,,,,3.0,5.0,1.0,1.0,1.0,5.0,0.0,96.0,49.0,52.0,84.0,8.0,28.0,52.83333333,1,69.0,78.0,69.0,No,1,103.48318
36,6230002.0,15.0,4.0,3.0,1.0,3.0,0.0,0,1,0,,,,,,5.0,4.0,3.0,1.0,1.0,4.0,2.0,71.0,34.0,85.0,94.0,8.0,3.0,49.16666667,1,51.0,44.0,51.0,Yes,1,52.660923
37,430042.0,16.0,4.0,4.0,2.0,3.0,0.0,0,1,0,,,,,,2.0,4.0,3.0,1.0,1.0,5.0,7.0,80.0,6.0,25.0,68.0,51.0,11.0,40.16666667,1,79.0,76.0,79.0,No,1,58.45642
38,3530229.0,15.0,3.0,4.0,1.0,3.0,0.0,1,1,1,,,,,,4.0,3.0,2.0,1.0,1.0,5.0,2.0,53.0,83.0,54.0,98.0,74.0,97.0,76.5,2,73.0,58.0,73.0,No,2,51.01877
39,1820078.0,15.0,2.0,2.0,1.0,1.0,0.0,1,1,1,,,,,,4.0,3.0,1.0,1.0,1.0,2.0,8.0,11.0,56.0,80.0,40.0,60.0,58.0,50.83333333,1,81.0,68.0,81.0,No,1,84.91363
40,3630054.0,16.0,2.0,2.0,2.0,2.0,1.0,0,1,0,,,,,,3.0,3.0,3.0,1.0,2.0,3.0,25.0,29.0,21.0,14.0,70.0,71.0,48.0,84.0,2,48.0,77.0,78.0,Yes,2,14185.3545
41,1930154.0,15.0,4.0,4.0,1.0,1.0,0.0,0,1,0,,,,,,5.0,4.0,3.0,2.0,4.0,5.0,8.0,19.0,52.0,22.0,81.0,86.0,56.0,52.66666667,1,74.0,63.16,74.0,No,1,85.94755
42,1730595.0,15.0,4.0,4.0,1.0,2.0,0.0,0,1,0,,,,,,4.0,3.0,3.0,1.0,1.0,5.0,2.0,50.0,58.0,87.0,69.0,59.0,21.0,58.0,1,49.0,39.0,49.0,Yes,0,56.21096
43,830354.0,15.0,2.0,2.0,1.0,1.0,0.0,1,1,0,,,,,,5.0,4.0,1.0,1.0,1.0,1.0,0.0,56.0,85.0,34.0,99.0,65.0,98.0,72.83333333,1,87.0,87.0,87.0,No,1,81.7456
44,240026.0,16.0,2.0,2.0,2.0,2.0,1.0,1,0,0,,,,,,4.0,3.0,3.0,2.0,2.0,5.0,14.0,84.0,91.0,94.0,47.0,87.0,33.0,72.66666667,1,47.0,73.0,77.0,Yes,1,50.69068
45,2131496.0,15.0,4.0,3.0,1.0,2.0,0.0,1,1,1,,,,,,5.0,2.0,2.0,1.0,1.0,5.0,8.0,26.0,53.0,44.0,50.0,32.0,23.0,38.0,1,76.0,64.0,76.0,No,1,67.172554
46,2400049.0,16.0,3.0,3.0,1.0,2.0,0.0,0,1,0,,,,,,2.0,3.0,5.0,1.0,4.0,3.0,12.0,70.0,63.0,59.0,25.0,56.0,62.0,55.83333333,1,70.89,71.98,70.89,No,1,58.81644
47,430178.0,16.0,4.0,3.0,1.0,4.0,0.0,0,0,0,,,,,,4.0,2.0,2.0,1.0,1.0,2.0,4.0,63.0,16.0,15.0,24.0,62.0,62.0,40.33333333,1,63.0,60.0,63.0,No,1,7476.9297
48,3530161.0,15.0,4.0,2.0,1.0,2.0,0.0,0,1,1,,,,,,4.0,3.0,3.0,2.0,2.0,5.0,2.0,83.0,82.0,7.0,31.0,92.0,38.0,55.5,1,63.0,62.0,63.0,No,1,97.16534
49,1820015.0,15.0,4.0,4.0,1.0,2.0,1.0,1,1,0,,,,,,4.0,4.0,4.0,1.0,1.0,3.0,2.0,85.0,83.0,69.0,67.0,29.0,11.0,57.33333333,1,50.0,37.0,50.0,Yes,2,9796.245
50,1930327.0,16.0,2.0,2.0,3.0,2.0,0.0,0,1,1,,,,,,4.0,3.0,3.0,2.0,3.0,4.0,2.0,96.0,95.0,83.0,39.0,71.0,85.0,78.16666667,2,75.2,73.2,75.2,No,2,5348.257
51,800023.0,15.0,4.0,2.0,1.0,2.0,0.0,0,1,1,,,,,,4.0,3.0,3.0,1.0,1.0,5.0,2.0,96.0,91.0,50.0,91.0,43.0,17.0,64.66666667,1,54.4,61.12,54.4,Yes,0,9524.627
52,2620061.0,15.0,4.0,2.0,2.0,1.0,1.0,0,0,0,,,,,,5.0,5.0,5.0,3.0,4.0,5.0,6.0,19.0,98.0,61.0,86.0,87.0,51.0,67.0,1,40.89,45.83,40.89,Yes,1,34393.496
53,2131926.0,15.0,4.0,4.0,1.0,1.0,0.0,1,1,1,,,,,,3.0,3.0,4.0,2.0,3.0,5.0,0.0,90.0,31.0,72.0,57.0,53.0,55.0,59.66666667,1,80.0,70.0,80.0,No,1,46.725418
54,3430255.0,15.0,3.0,3.0,1.0,1.0,0.0,0,0,1,,,,,,5.0,3.0,4.0,4.0,4.0,1.0,6.0,57.0,57.0,62.0,36.0,86.0,46.0,57.33333333,1,74.0,60.0,74.0,No,1,23740.043
55,1030066.0,16.0,2.0,1.0,1.0,2.0,0.0,0,0,1,,,,,,5.0,3.0,4.0,1.0,1.0,2.0,8.0,38.0,49.0,38.0,64.0,21.0,91.0,50.16666667,1,60.4,66.6,60.4,No,1,18432.92
56,1631137.0,15.0,4.0,3.0,1.0,2.0,0.0,0,1,1,,,,,,4.0,3.0,2.0,1.0,1.0,1.0,0.0,63.0,40.0,93.0,86.0,86.0,8.0,62.66666667,1,63.0,71.4,63.0,No,1,34183.754
57,930263.0,15.0,4.0,4.0,1.0,2.0,0.0,0,1,0,,,,,,3.0,2.0,2.0,1.0,1.0,5.0,4.0,86.0,75.0,86.0,44.0,91.0,96.0,79.66666667,2,68.0,76.0,68.0,No,2,50.05176
58,1100035.0,15.0,1.0,2.0,1.0,2.0,0.0,1,1,0,,,,,,4.0,3.0,2.0,1.0,1.0,5.0,2.0,16.0,44.0,26.0,94.0,57.0,85.0,53.66666667,1,74.0,62.0,74.0,No,1,27444.727
59,2220015.0,16.0,4.0,2.0,1.0,2.0,0.0,0,1,0,,,,,,4.0,2.0,3.0,1.0,1.0,5.0,2.0,34.0,79.0,63.0,59.0,69.0,92.0,66.0,1,52.6,65.58,52.6,Yes,2,22504.514
60,2752090.0,16.0,4.0,4.0,1.0,2.0,0.0,0,1,0,,,,,,2.0,4.0,4.0,2.0,3.0,4.0,6.0,44.0,50.0,94.0,36.0,77.0,89.0,65.0,1,74.0,70.0,74.0,No,1,17222.484
61,2730136.0,16.0,1.0,1.0,4.0,1.0,0.0,1,1,0,,,,,,5.0,5.0,5.0,5.0,5.0,5.0,6.0,82.0,36.0,31.0,13.0,77.0,7.0,41.0,1,84.2,73.4,84.2,No,1,15236.911
62,2132398.0,16.0,1.0,2.0,1.0,2.0,0.0,1,0,0,,,,,,4.0,4.0,3.0,1.0,1.0,1.0,4.0,49.0,27.0,83.0,9.0,68.0,24.0,43.33333333,1,44.0,64.2,86.5,Yes,0,47823.836
63,2752051.0,16.0,4.0,3.0,1.0,3.0,0.0,1,1,1,,,,,,3.0,4.0,4.0,2.0,4.0,4.0,2.0,36.0,93.0,54.0,72.0,98.0,44.0,66.16666667,1,61.0,70.0,61.0,No,1,94612.08
64,1030528.0,15.0,4.0,3.0,1.0,2.0,0.0,1,0,0,,,,,,4.0,4.0,4.0,2.0,4.0,2.0,0.0,28.0,12.0,87.0,71.0,15.0,57.0,45.0,1,80.0,73.0,80.0,No,1,41645.707
65,3330246.0,16.0,4.0,3.0,3.0,2.0,0.0,0,1,0,,,,,,5.0,4.0,3.0,1.0,2.0,1.0,2.0,18.0,70.0,15.0,36.0,18.0,21.0,84.0,2,54.0,47.0,54.0,Yes,1,12502.674
66,1730119.0,15.0,4.0,4.0,1.0,4.0,0.0,0,1,0,,,,,,1.0,3.0,3.0,5.0,5.0,3.0,4.0,49.0,14.0,62.0,10.0,19.0,8.0,84.0,2,83.0,74.0,83.0,No,2,17456.254
67,930695.0,16.0,3.0,1.0,1.0,4.0,0.0,1,1,1,,,,,,4.0,3.0,3.0,1.0,2.0,5.0,4.0,53.0,45.0,40.0,7.0,28.0,56.0,38.16666667,1,80.92,78.5,80.92,No,1,29514.637
68,1130434.0,15.0,2.0,2.0,2.0,2.0,0.0,1,1,1,,,,,,4.0,1.0,3.0,1.0,3.0,4.0,2.0,26.0,45.0,9.0,79.0,37.0,80.0,46.0,1,69.7,47.0,69.7,No,1,24692.154
69,1700039.0,15.0,3.0,1.0,2.0,4.0,0.0,0,1,0,,,,,,4.0,4.0,2.0,2.0,3.0,3.0,12.0,41.0,98.0,56.0,74.0,69.0,42.0,63.33333333,1,73.0,73.0,73.0,No,1,51803.31
70,830707.0,16.0,3.0,1.0,2.0,4.0,0.0,0,1,1,,,,,,4.0,3.0,2.0,1.0,1.0,5.0,0.0,34.0,10.0,24.0,10.0,19.0,70.0,84.0,2,82.0,61.0,82.0,No,2,32536.127
71,2132739.0,15.0,4.0,2.0,1.0,4.0,0.0,0,0,0,,,,,,3.0,3.0,3.0,1.0,1.0,3.0,0.0,4.0,60.0,18.0,24.0,19.0,31.0,84.0,2,75.0,70.29,75.0,No,2,13715.085
72,2730688.0,15.0,1.0,1.0,1.0,2.0,2.0,1,1,0,,,,,,3.0,3.0,4.0,2.0,4.0,5.0,2.0,65.0,38.0,42.0,57.0,76.0,77.0,59.16666667,1,42.0,67.0,84.86,Yes,2,84.57319
73,930846.0,16.0,3.0,1.0,1.0,1.0,0.0,0,0,0,,,,,,5.0,3.0,2.0,2.0,2.0,5.0,2.0,36.0,77.0,58.0,58.0,76.0,96.0,66.83333333,1,64.6,83.83,64.6,No,1,39624.273
74,830636.0,16.0,3.0,3.0,1.0,2.0,0.0,1,1,1,,,,,,4.0,3.0,3.0,2.0,4.0,5.0,54.0,40.0,38.0,19.0,6.0,53.0,57.0,35.5,1,56.6,64.8,56.6,Yes,0,26561.246
75,2130634.0,15.0,4.0,3.0,1.0,2.0,0.0,0,1,1,,,,,,4.0,3.0,3.0,2.0,3.0,5.0,6.0,59.0,72.0,22.0,93.0,67.0,56.0,61.5,1,59.0,62.0,59.0,Yes,1,18775.08
76,3630174.0,15.0,4.0,0.0,2.0,4.0,0.0,0,0,0,,,,,,3.0,4.0,3.0,1.0,1.0,1.0,8.0,80.0,67.0,52.0,53.0,78.0,69.0,66.5,1,66.5,70.4,66.5,No,1,27655.572
77,531493.0,16.0,2.0,2.0,1.0,4.0,0.0,0,0,1,,,,,,5.0,2.0,3.0,1.0,3.0,3.0,0.0,43.0,62.0,64.0,37.0,73.0,90.0,61.5,1,64.0,80.0,64.0,No,1,22120.34
78,2131777.0,17.0,2.0,1.0,2.0,1.0,3.0,1,1,0,,,,,,4.0,5.0,1.0,1.0,1.0,3.0,2.0,61.0,5.0,71.0,72.0,56.0,30.0,49.16666667,1,84.0,90.9,84.0,No,1,5364.7476
79,3330037.0,16.0,3.0,4.0,1.0,2.0,0.0,0,1,0,,,,,,2.0,4.0,3.0,1.0,2.0,3.0,12.0,63.0,94.0,14.0,59.0,66.0,75.0,61.83333333,1,69.0,62.0,69.0,No,1,42925.625
80,1030859.0,15.0,2.0,3.0,1.0,1.0,0.0,1,1,1,,,,,,3.0,2.0,2.0,1.0,3.0,3.0,2.0,21.0,49.0,48.0,51.0,70.0,4.0,40.5,1,69.0,62.0,69.0,No,1,21977.4
81,2756060.0,15.0,2.0,3.0,1.0,3.0,0.0,1,0,1,,,,,,5.0,3.0,2.0,1.0,2.0,5.0,4.0,80.0,17.0,19.0,6.0,72.0,88.0,47.0,1,81.7,63.0,81.7,No,1,15138.6045
82,2132254.0,15.0,3.0,2.0,1.0,2.0,0.0,0,1,1,,,,,,4.0,4.0,4.0,1.0,1.0,5.0,10.0,70.0,31.0,60.0,21.0,54.0,76.0,52.0,1,63.0,67.0,63.0,No,1,16968.947
83,2778042.0,15.0,2.0,2.0,2.0,2.0,0.0,0,0,1,,,,,,5.0,3.0,3.0,1.0,3.0,4.0,4.0,5.0,22.0,48.0,33.0,32.0,70.0,35.0,1,40.0,79.0,84.0,Yes,2,32457.78
84,140008.0,15.0,1.0,1.0,1.0,2.0,0.0,0,1,0,,,,,,4.0,3.0,2.0,2.0,3.0,4.0,2.0,13.0,88.0,92.0,25.0,83.0,98.0,66.5,1,70.0,63.0,70.0,No,1,59440.625
85,1000075.0,15.0,4.0,4.0,2.0,2.0,2.0,0,0,1,,,,,,4.0,4.0,4.0,2.0,3.0,5.0,6.0,20.0,45.0,59.0,73.0,62.0,90.0,58.16666667,1,83.84,89.83,83.84,No,1,9865.936
86,2131018.0,16.0,2.0,2.0,1.0,2.0,0.0,0,1,0,,,,,,4.0,3.0,4.0,1.0,2.0,2.0,4.0,32.0,89.0,91.0,20.0,76.0,58.0,61.0,1,62.0,63.0,62.0,No,1,8556.472
87,940013.0,15.0,4.0,2.0,1.0,3.0,0.0,0,1,0,,,,,,5.0,3.0,3.0,1.0,3.0,1.0,4.0,7.0,16.0,28.0,17.0,96.0,82.0,41.0,1,59.6,51.0,59.6,Yes,0,35301.61
88,3530311.0,16.0,2.0,2.0,2.0,2.0,1.0,0,0,1,,,,,,4.0,4.0,2.0,1.0,1.0,3.0,12.0,25.0,15.0,46.0,25.0,10.0,22.0,84.0,2,66.0,62.0,66.0,No,2,51.270084
89,531037.0,16.0,4.0,4.0,1.0,2.0,0.0,0,1,0,,,,,,4.0,1.0,3.0,3.0,5.0,5.0,18.0,65.0,70.0,58.0,4.0,67.0,78.0,57.0,1,84.0,75.0,84.0,No,1,75.95999
90,2760102.0,16.0,3.0,3.0,1.0,3.0,0.0,0,1,1,,,,,,4.0,3.0,3.0,1.0,3.0,4.0,0.0,16.0,30.0,79.0,51.0,60.0,93.0,54.83333333,1,85.0,90.0,85.0,No,1,79.69054
91,2131823.0,15.0,4.0,3.0,1.0,1.0,0.0,0,0,1,,,,,,4.0,5.0,5.0,1.0,3.0,1.0,4.0,52.0,82.0,33.0,92.0,31.0,72.0,60.33333333,1,52.0,57.0,52.0,Yes,1,55.850334
92,1630931.0,16.0,3.0,1.0,1.0,2.0,0.0,1,1,0,,,,,,3.0,3.0,3.0,2.0,3.0,2.0,4.0,87.0,13.0,24.0,82.0,47.0,16.0,44.83333333,1,60.23,69.0,60.23,No,1,80.83863
93,930892.0,16.0,4.0,2.0,2.0,2.0,0.0,0,1,1,,,,,,5.0,3.0,3.0,1.0,1.0,1.0,0.0,12.0,77.0,94.0,38.0,15.0,75.0,51.83333333,1,52.0,62.0,52.0,Yes,2,93.1404
94,1530177.0,15.0,2.0,2.0,1.0,4.0,0.0,0,1,0,,,,,,4.0,3.0,4.0,1.0,1.0,4.0,6.0,16.0,1.0,79.0,84.0,60.0,78.0,53.0,1,58.0,62.0,58.0,Yes,0,68.216446
95,1930398.0,15.0,1.0,1.0,2.0,4.0,1.0,1,1,1,,,,,,3.0,1.0,2.0,1.0,1.0,1.0,2.0,25.0,49.0,22.0,90.0,13.0,66.0,44.16666667,1,73.0,78.0,73.0,No,1,65.59861
96,2131347.0,16.0,4.0,3.0,2.0,1.0,0.0,1,1,0,,,,,,3.0,3.0,3.0,1.0,1.0,4.0,2.0,72.0,30.0,24.0,19.0,25.0,86.0,42.66666667,1,76.0,70.0,76.0,No,1,90.55013
97,930139.0,16.0,2.0,1.0,1.0,2.0,0.0,0,1,1,,,,,,4.0,3.0,5.0,1.0,1.0,5.0,2.0,70.0,67.0,64.0,58.0,12.0,88.0,64.33333333,1,49.0,62.5,70.5,Yes,1,70.10956
98,2130213.0,16.0,4.0,4.0,1.0,1.0,0.0,0,0,0,,,,,,5.0,3.0,4.0,1.0,2.0,1.0,6.0,39.0,36.0,11.0,93.0,98.0,52.0,54.83333333,1,69.0,73.0,69.0,No,1,76.75093
99,530270.0,16.0,4.0,3.0,1.0,3.0,0.0,1,1,1,,,,,,5.0,3.0,5.0,1.0,1.0,3.0,0.0,30.0,83.0,29.0,64.0,33.0,66.0,50.83333333,1,54.0,82.0,54.0,Yes,2,76.4539
100,530271.0,16.0,4.0,4.0,1.0,1.0,0.0,1,1,1,,,,,,4.0,5.0,5.0,5.0,5.0,4.0,14.0,39.0,25.0,26.0,82.0,76.0,26.0,45.66666667,1,67.0,91.0,67.0,No,1,64.78622
101,530272.0,16.0,4.0,4.0,1.0,3.0,0.0,0,1,0,,,,,,4.0,4.0,3.0,1.0,1.0,4.0,0.0,45.0,84.0,65.0,46.0,94.0,27.0,60.16666667,1,79.33,78.33,79.33,No,1,62.68215
102,530273.0,15.0,4.0,4.0,1.0,1.0,0.0,0,1,0,,,,,,5.0,3.0,3.0,1.0,1.0,5.0,4.0,71.0,90.0,68.0,55.0,69.0,25.0,63.0,1,65.0,68.0,65.0,No,1,47.110394
103,530274.0,15.0,3.0,2.0,2.0,2.0,0.0,1,1,1,,,,,,4.0,3.0,5.0,1.0,1.0,2.0,26.0,36.0,20.0,99.0,88.0,64.0,43.0,58.33333333,1,56.0,52.0,56.0,Yes,0,43.401478
104,530275.0,15.0,3.0,4.0,1.0,2.0,0.0,0,1,1,,,,,,5.0,4.0,4.0,1.0,1.0,1.0,0.0,99.0,49.0,73.0,90.0,22.0,99.0,72.0,1,85.8,73.6,85.8,No,1,47.773735
105,530276.0,15.0,3.0,3.0,1.0,4.0,0.0,1,0,0,,,,,,4.0,3.0,3.0,1.0,1.0,4.0,10.0,44.0,37.0,14.0,30.0,98.0,39.0,43.66666667,1,55.0,49.8,55.0,Yes,1,76.71405
106,530277.0,15.0,2.0,2.0,1.0,4.0,0.0,1,1,1,,,,,,5.0,1.0,2.0,1.0,1.0,3.0,8.0,58.0,40.0,30.0,71.0,47.0,21.0,44.5,1,46.0,49.2,46.0,Yes,2,92.62575
107,530278.0,16.0,3.0,3.0,1.0,3.0,0.0,0,1,0,,,,,,5.0,3.0,3.0,1.0,1.0,5.0,2.0,89.0,97.0,48.0,87.0,74.0,14.0,68.16666667,1,82.0,64.0,82.0,No,1,68.36572
108,530279.0,15.0,4.0,4.0,4.0,4.0,0.0,0,1,1,,,,,,1.0,3.0,5.0,3.0,5.0,1.0,6.0,92.0,19.0,77.0,4.0,62.0,36.0,48.33333333,1,73.0,79.0,73.0,No,1,107.60435
109,530280.0,16.0,4.0,4.0,1.0,3.0,0.0,0,1,1,,,,,,5.0,4.0,5.0,1.0,1.0,4.0,4.0,77.0,65.0,19.0,94.0,20.0,44.0,53.16666667,1,58.0,70.0,58.0,Yes,0,57.14638
110,530281.0,15.0,4.0,4.0,1.0,1.0,0.0,0,0,0,,,,,,5.0,5.0,3.0,1.0,1.0,4.0,6.0,62.0,85.0,73.0,33.0,34.0,30.0,52.83333333,1,58.0,61.0,58.0,Yes,1,79.998856
111,530282.0,16.0,3.0,3.0,1.0,3.0,1.0,1,1,0,,,,,,4.0,1.0,2.0,1.0,1.0,2.0,0.0,70.0,0.0,49.0,54.0,59.0,28.0,43.33333333,1,69.6,68.4,69.6,No,1,47.63232
112,530283.0,16.0,2.0,2.0,1.0,2.0,1.0,1,0,0,,,,,,3.0,1.0,2.0,1.0,1.0,5.0,6.0,92.0,92.0,94.0,20.0,95.0,18.0,68.5,1,47.0,55.0,47.0,Yes,2,82.10994
113,530284.0,15.0,4.0,2.0,1.0,1.0,0.0,0,0,0,,,,,,3.0,5.0,2.0,1.0,1.0,3.0,10.0,90.0,49.0,88.0,60.0,38.0,12.0,56.16666667,1,77.0,87.0,77.0,No,1,116.244
114,530285.0,15.0,2.0,1.0,1.0,2.0,0.0,0,0,0,,,,,,5.0,4.0,2.0,1.0,1.0,5.0,8.0,29.0,48.0,74.0,93.0,35.0,22.0,50.16666667,1,62.0,47.0,62.0,No,1,46.99727
115,530286.0,16.0,4.0,4.0,1.0,2.0,0.0,0,1,0,,,,,,5.0,4.0,4.0,1.0,2.0,5.0,2.0,87.0,49.0,35.0,73.0,81.0,4.0,54.83333333,1,65.0,75.0,65.0,No,1,45.750095
116,530287.0,15.0,4.0,4.0,2.0,2.0,0.0,0,1,0,,,,,,4.0,4.0,3.0,1.0,1.0,2.0,2.0,60.0,1.0,15.0,37.0,31.0,72.0,36.0,1,63.0,66.2,63.0,No,1,66.51171
117,530288.0,16.0,3.0,3.0,2.0,1.0,0.0,0,0,0,,,,,,5.0,4.0,2.0,1.0,1.0,5.0,0.0,15.0,13.0,11.0,13.0,37.0,20.0,84.0,2,55.0,67.0,55.0,Yes,0,89.24704
118,530289.0,17.0,1.0,3.0,3.0,2.0,1.0,0,1,0,,,,,,5.0,2.0,4.0,1.0,4.0,5.0,20.0,44.0,35.0,98.0,34.0,8.0,53.0,45.33333333,1,63.0,66.0,63.0,No,1,50.59684
119,530290.0,15.0,3.0,4.0,1.0,1.0,0.0,0,0,0,,,,,,3.0,4.0,3.0,1.0,2.0,4.0,6.0,53.0,40.0,60.0,52.0,39.0,20.0,44.0,1,60.0,67.0,60.0,No,1,53.423584
120,530291.0,15.0,1.0,2.0,1.0,2.0,0.0,0,0,0,,,,,,3.0,2.0,3.0,1.0,2.0,1.0,2.0,61.0,70.0,86.0,59.0,91.0,80.0,74.5,2,62.0,65.0,62.0,No,2,73.23549
121,530292.0,15.0,2.0,2.0,1.0,4.0,0.0,0,1,1,,,,,,5.0,5.0,4.0,1.0,2.0,5.0,6.0,85.0,13.0,40.0,18.0,17.0,35.0,34.66666667,1,79.0,76.0,79.0,No,1,62.94545
122,530293.0,16.0,2.0,4.0,2.0,2.0,0.0,0,1,1,,,,,,4.0,2.0,2.0,1.0,2.0,5.0,2.0,92.0,3.0,69.0,39.0,31.0,25.0,43.16666667,1,69.8,60.8,69.8,No,1,75.2001
123,530294.0,16.0,4.0,4.0,1.0,1.0,0.0,0,1,0,,,,,,3.0,4.0,4.0,1.0,4.0,5.0,18.0,19.0,41.0,14.0,98.0,68.0,67.0,51.16666667,1,77.4,60.0,77.4,No,1,75.7307
124,530295.0,16.0,2.0,2.0,1.0,2.0,0.0,0,0,1,,,,,,5.0,4.0,4.0,1.0,1.0,5.0,0.0,18.0,35.0,70.0,90.0,82.0,96.0,65.16666667,1,76.5,97.7,76.5,No,1,95.910545
125,530296.0,15.0,3.0,4.0,1.0,1.0,0.0,1,0,0,,,,,,5.0,5.0,5.0,3.0,2.0,5.0,0.0,12.0,35.0,37.0,32.0,70.0,66.0,42.0,1,52.58,54.6,52.58,Yes,1,69.89745
126,530297.0,15.0,3.0,4.0,1.0,2.0,0.0,1,0,0,,,,,,5.0,3.0,2.0,1.0,1.0,1.0,0.0,36.0,72.0,88.0,74.0,70.0,59.0,66.5,1,71.0,79.0,71.0,No,1,132.57396
127,530298.0,19.0,0.0,1.0,1.0,2.0,3.0,0,1,0,,,,,,3.0,4.0,2.0,1.0,1.0,5.0,2.0,33.0,92.0,14.0,54.0,12.0,41.0,41.0,1,63.0,67.0,63.0,No,1,50.945698
128,530299.0,18.0,2.0,2.0,1.0,1.0,2.0,0,1,0,,,,,,3.0,3.0,3.0,1.0,2.0,4.0,0.0,41.0,85.0,45.0,99.0,45.0,95.0,68.33333333,1,76.76,76.5,76.76,No,1,116.82329
129,530300.0,16.0,4.0,4.0,1.0,1.0,0.0,0,0,1,,,,,,3.0,5.0,5.0,2.0,5.0,4.0,8.0,28.0,45.0,30.0,14.0,88.0,58.0,43.83333333,1,62.0,67.0,62.0,No,1,105.92446
130,530301.0,15.0,3.0,4.0,2.0,3.0,2.0,0,1,0,,,,,,4.0,2.0,2.0,2.0,2.0,5.0,0.0,26.0,32.0,8.0,19.0,70.0,55.0,35.0,1,64.0,73.5,64.0,No,1,58.146202
131,530302.0,15.0,1.0,1.0,3.0,1.0,0.0,0,1,0,,,,,,4.0,3.0,3.0,1.0,2.0,4.0,0.0,81.0,61.0,90.0,20.0,56.0,46.0,59.0,1,67.0,53.0,67.0,No,1,46.660004
132,530303.0,17.0,2.0,2.0,1.0,1.0,0.0,0,1,0,,,,,,3.0,4.0,4.0,1.0,3.0,5.0,12.0,72.0,82.0,92.0,63.0,85.0,30.0,70.66666667,1,61.0,81.0,61.0,No,1,50.38411
133,530304.0,16.0,3.0,4.0,1.0,1.0,0.0,0,0,0,,,,,,3.0,2.0,1.0,1.0,4.0,5.0,16.0,81.0,74.0,16.0,30.0,70.0,40.0,51.83333333,1,87.0,65.0,87.0,No,1,66.699005
134,530305.0,15.0,3.0,4.0,4.0,2.0,0.0,0,1,0,,,,,,5.0,3.0,3.0,1.0,1.0,5.0,0.0,97.0,96.0,96.0,39.0,93.0,91.0,85.33333333,2,62.0,51.0,62.0,No,2,96.66347
135,530306.0,15.0,4.0,4.0,1.0,3.0,0.0,0,1,0,,,,,,4.0,3.0,3.0,1.0,1.0,5.0,0.0,96.0,49.0,52.0,84.0,8.0,28.0,52.83333333,1,69.0,78.0,69.0,No,1,88.71468
136,530307.0,17.0,3.0,4.0,3.0,2.0,0.0,0,0,0,,,,,,5.0,4.0,5.0,2.0,4.0,5.0,0.0,71.0,34.0,85.0,94.0,8.0,3.0,49.16666667,1,51.0,44.0,51.0,Yes,2,62.57494
137,530308.0,16.0,3.0,3.0,2.0,1.0,2.0,0,1,0,,,,,,4.0,3.0,2.0,1.0,1.0,5.0,0.0,80.0,6.0,25.0,68.0,51.0,11.0,40.16666667,1,79.0,76.0,79.0,No,1,37.580894
138,530309.0,16.0,1.0,1.0,1.0,2.0,1.0,0,0,0,,,,,,4.0,4.0,4.0,1.0,3.0,5.0,0.0,53.0,83.0,54.0,98.0,74.0,97.0,76.5,2,73.0,58.0,73.0,No,2,70.03799
139,530310.0,15.0,4.0,4.0,2.0,1.0,0.0,0,0,0,,,,,,4.0,3.0,2.0,1.0,1.0,5.0,0.0,11.0,56.0,80.0,40.0,60.0,58.0,50.83333333,1,81.0,68.0,81.0,No,1,77.43158
140,530311.0,15.0,4.0,3.0,2.0,4.0,0.0,1,1,0,,,,,,2.0,2.0,2.0,1.0,1.0,3.0,0.0,29.0,21.0,14.0,70.0,71.0,48.0,84.0,2,48.0,77.0,78.0,Yes,0,86.69891
141,530312.0,16.0,2.0,2.0,2.0,1.0,2.0,0,1,0,,,,,,2.0,3.0,3.0,2.0,2.0,2.0,8.0,19.0,52.0,22.0,81.0,86.0,56.0,52.66666667,1,74.0,63.16,74.0,No,1,86.039314
142,530313.0,15.0,4.0,4.0,1.0,3.0,0.0,0,1,1,,,,,,4.0,2.0,2.0,1.0,1.0,5.0,2.0,50.0,58.0,87.0,69.0,59.0,21.0,58.0,1,49.0,39.0,49.0,Yes,1,75.843956
143,530314.0,16.0,1.0,1.0,1.0,1.0,0.0,0,0,0,,,,,,3.0,4.0,4.0,3.0,3.0,1.0,2.0,56.0,85.0,34.0,99.0,65.0,98.0,72.83333333,1,87.0,87.0,87.0,No,1,58.896614
144,530315.0,17.0,2.0,1.0,1.0,1.0,3.0,0,1,0,,,,,,5.0,4.0,5.0,1.0,2.0,5.0,0.0,84.0,91.0,94.0,47.0,87.0,33.0,72.66666667,1,47.0,73.0,77.0,Yes,2,98.964935
145,530316.0,15.0,1.0,1.0,1.0,2.0,0.0,0,1,1,,,,,,4.0,4.0,2.0,1.0,2.0,5.0,0.0,26.0,53.0,44.0,50.0,32.0,23.0,38.0,1,76.0,64.0,76.0,No,1,65.88117
146,530317.0,15.0,3.0,2.0,1.0,2.0,3.0,0,1,0,,,,,,3.0,3.0,2.0,1.0,1.0,3.0,0.0,70.0,63.0,59.0,25.0,56.0,62.0,55.83333333,1,70.89,71.98,70.89,No,1,62.784927
147,530318.0,15.0,1.0,2.0,1.0,2.0,0.0,0,1,1,,,,,,4.0,3.0,2.0,1.0,1.0,5.0,2.0,63.0,16.0,15.0,24.0,62.0,62.0,40.33333333,1,63.0,60.0,63.0,No,1,70.71693
148,530319.0,16.0,4.0,4.0,1.0,1.0,0.0,0,1,0,,,,,,3.0,3.0,2.0,2.0,1.0,5.0,0.0,83.0,82.0,7.0,31.0,92.0,38.0,55.5,1,63.0,62.0,63.0,No,1,63.82686
149,530320.0,15.0,2.0,1.0,4.0,1.0,3.0,0,0,0,,,,,,4.0,5.0,5.0,2.0,5.0,5.0,0.0,85.0,83.0,69.0,67.0,29.0,11.0,57.33333333,1,50.0,37.0,50.0,Yes,0,61.8776
150,530321.0,18.0,1.0,1.0,1.0,1.0,3.0,0,0,0,,,,,,2.0,3.0,5.0,2.0,5.0,4.0,0.0,96.0,95.0,83.0,39.0,71.0,85.0,78.16666667,2,75.2,73.2,75.2,No,2,82.26513
151,530322.0,16.0,2.0,1.0,1.0,1.0,1.0,0,0,0,,,,,,4.0,4.0,4.0,3.0,5.0,5.0,6.0,96.0,91.0,50.0,91.0,43.0,17.0,64.66666667,1,54.4,61.12,54.4,Yes,1,50.75494
152,530323.0,15.0,3.0,3.0,2.0,3.0,2.0,0,1,1,,,,,,4.0,2.0,1.0,2.0,3.0,3.0,8.0,19.0,98.0,61.0,86.0,87.0,51.0,67.0,1,40.89,45.83,40.89,Yes,2,128.52211
153,530324.0,19.0,3.0,2.0,1.0,1.0,3.0,0,1,0,,,,,,4.0,5.0,4.0,1.0,1.0,4.0,0.0,90.0,31.0,72.0,57.0,53.0,55.0,59.66666667,1,80.0,70.0,80.0,No,1,68.86284
154,530325.0,17.0,4.0,4.0,1.0,1.0,0.0,1,1,0,,,,,,4.0,2.0,1.0,1.0,1.0,4.0,0.0,57.0,57.0,62.0,36.0,86.0,46.0,57.33333333,1,74.0,60.0,74.0,No,1,73.0441
155,530326.0,15.0,2.0,3.0,1.0,2.0,0.0,1,0,1,,,,,,4.0,4.0,4.0,1.0,1.0,1.0,2.0,38.0,49.0,38.0,64.0,21.0,91.0,50.16666667,1,60.4,66.6,60.4,No,1,69.79241
156,530327.0,17.0,1.0,2.0,1.0,1.0,0.0,0,0,0,,,,,,2.0,2.0,2.0,3.0,3.0,5.0,8.0,63.0,40.0,93.0,86.0,86.0,8.0,62.66666667,1,63.0,71.4,63.0,No,1,44.973595
157,530328.0,18.0,1.0,1.0,3.0,1.0,3.0,0,1,0,,,,,,5.0,2.0,5.0,1.0,5.0,4.0,6.0,86.0,75.0,86.0,44.0,91.0,96.0,79.66666667,2,68.0,76.0,68.0,No,2,36.59629
158,530329.0,16.0,2.0,2.0,3.0,1.0,0.0,0,0,0,,,,,,4.0,2.0,2.0,1.0,2.0,3.0,2.0,16.0,44.0,26.0,94.0,57.0,85.0,53.66666667,1,74.0,62.0,74.0,No,1,88.194405
159,530330.0,16.0,3.0,3.0,1.0,2.0,1.0,0,1,1,,,,,,4.0,5.0,5.0,4.0,4.0,5.0,4.0,34.0,79.0,63.0,59.0,69.0,92.0,66.0,1,52.6,65.58,52.6,Yes,0,78.99712
160,530331.0,17.0,2.0,1.0,2.0,1.0,2.0,0,0,0,,,,,,3.0,3.0,2.0,2.0,2.0,5.0,0.0,44.0,50.0,94.0,36.0,77.0,89.0,65.0,1,74.0,70.0,74.0,No,1,34.878887
161,530332.0,15.0,3.0,2.0,2.0,2.0,2.0,1,1,0,,,,,,4.0,4.0,4.0,1.0,4.0,3.0,6.0,82.0,36.0,31.0,13.0,77.0,7.0,41.0,1,84.2,73.4,84.2,No,1,96.42178
162,530333.0,16.0,1.0,2.0,2.0,1.0,1.0,0,0,0,,,,,,4.0,4.0,4.0,2.0,4.0,5.0,0.0,49.0,27.0,83.0,9.0,68.0,24.0,43.33333333,1,44.0,64.2,86.5,Yes,1,55.262863
163,530334.0,17.0,1.0,3.0,1.0,1.0,0.0,0,0,0,,,,,,5.0,3.0,3.0,1.0,4.0,2.0,2.0,36.0,93.0,54.0,72.0,98.0,44.0,66.16666667,1,61.0,70.0,61.0,No,1,62.027668
164,530335.0,17.0,1.0,1.0,4.0,2.0,3.0,0,0,0,,,,,,5.0,3.0,5.0,1.0,5.0,5.0,0.0,28.0,12.0,87.0,71.0,15.0,57.0,45.0,1,80.0,73.0,80.0,No,1,71.775856
165,530336.0,16.0,3.0,2.0,2.0,1.0,1.0,0,1,0,,,,,,4.0,5.0,2.0,1.0,1.0,2.0,16.0,18.0,70.0,15.0,36.0,18.0,21.0,84.0,2,54.0,47.0,54.0,Yes,2,88.70804
166,530337.0,16.0,2.0,2.0,1.0,2.0,0.0,0,0,0,,,,,,4.0,3.0,5.0,2.0,4.0,4.0,4.0,49.0,14.0,62.0,10.0,19.0,8.0,84.0,2,83.0,74.0,83.0,No,2,53.745247
167,530338.0,16.0,4.0,2.0,1.0,2.0,0.0,0,0,1,,,,,,4.0,2.0,3.0,1.0,1.0,3.0,0.0,53.0,45.0,40.0,7.0,28.0,56.0,38.16666667,1,80.92,78.5,80.92,No,1,35.933693
168,530339.0,16.0,2.0,2.0,1.0,2.0,0.0,0,1,1,,,,,,5.0,1.0,5.0,1.0,1.0,4.0,0.0,26.0,45.0,9.0,79.0,37.0,80.0,46.0,1,69.7,47.0,69.7,No,1,71.310196
169,530340.0,16.0,4.0,4.0,1.0,2.0,0.0,0,1,1,,,,,,4.0,4.0,2.0,1.0,1.0,3.0,0.0,41.0,98.0,56.0,74.0,69.0,42.0,63.33333333,1,73.0,73.0,73.0,No,1,86.30517
170,530341.0,16.0,3.0,4.0,3.0,1.0,2.0,0,1,0,,,,,,3.0,4.0,5.0,2.0,4.0,2.0,0.0,34.0,10.0,24.0,10.0,19.0,70.0,84.0,2,82.0,61.0,82.0,No,2,38.616047
171,530342.0,16.0,1.0,0.0,2.0,2.0,0.0,0,1,1,,,,,,4.0,3.0,2.0,1.0,1.0,3.0,2.0,4.0,60.0,18.0,24.0,19.0,31.0,84.0,2,75.0,70.29,75.0,No,2,46.829002
172,530343.0,17.0,4.0,4.0,1.0,2.0,0.0,0,1,1,,,,,,4.0,4.0,4.0,1.0,3.0,5.0,0.0,65.0,38.0,42.0,57.0,76.0,77.0,59.16666667,1,42.0,67.0,84.86,Yes,0,82.854614
173,530344.0,16.0,1.0,3.0,1.0,2.0,3.0,0,0,0,,,,,,4.0,3.0,5.0,1.0,1.0,3.0,0.0,36.0,77.0,58.0,58.0,76.0,96.0,66.83333333,1,64.6,83.83,64.6,No,1,66.79735
174,530345.0,16.0,3.0,3.0,2.0,2.0,0.0,0,1,1,,,,,,4.0,4.0,5.0,1.0,1.0,4.0,4.0,40.0,38.0,19.0,6.0,53.0,57.0,35.5,1,56.6,64.8,56.6,Yes,1,60.085003
175,530346.0,17.0,4.0,3.0,2.0,2.0,0.0,0,0,1,,,,,,4.0,4.0,4.0,4.0,4.0,4.0,4.0,59.0,72.0,22.0,93.0,67.0,56.0,61.5,1,59.0,62.0,59.0,Yes,2,72.59965
176,530347.0,16.0,2.0,2.0,2.0,2.0,0.0,0,0,1,,,,,,3.0,4.0,4.0,1.0,4.0,5.0,2.0,80.0,67.0,52.0,53.0,78.0,69.0,66.5,1,66.5,70.4,66.5,No,1,79.779205
177,530348.0,17.0,3.0,3.0,1.0,2.0,0.0,0,0,0,,,,,,4.0,3.0,4.0,1.0,4.0,4.0,4.0,43.0,62.0,64.0,37.0,73.0,90.0,61.5,1,64.0,80.0,64.0,No,1,47.085938
178,530349.0,16.0,4.0,2.0,1.0,1.0,0.0,0,1,0,,,,,,4.0,3.0,3.0,3.0,4.0,3.0,10.0,61.0,5.0,71.0,72.0,56.0,30.0,49.16666667,1,84.0,90.9,84.0,No,1,49.065304
179,530350.0,17.0,4.0,3.0,1.0,2.0,0.0,0,1,0,,,,,,5.0,2.0,3.0,1.0,1.0,2.0,4.0,63.0,94.0,14.0,59.0,66.0,75.0,61.83333333,1,69.0,62.0,69.0,No,1,50.138115
180,530351.0,16.0,4.0,3.0,1.0,2.0,0.0,0,1,1,,,,,,3.0,4.0,3.0,2.0,3.0,3.0,10.0,21.0,49.0,48.0,51.0,70.0,4.0,40.5,1,69.0,62.0,69.0,No,1,84.58197
181,530352.0,16.0,3.0,3.0,1.0,2.0,0.0,0,0,1,,,,,,4.0,2.0,3.0,1.0,2.0,3.0,2.0,80.0,17.0,19.0,6.0,72.0,88.0,47.0,1,81.7,63.0,81.7,No,1,64.97837
182,530353.0,17.0,2.0,4.0,1.0,2.0,0.0,0,1,0,,,,,,5.0,4.0,2.0,2.0,3.0,5.0,0.0,70.0,31.0,60.0,21.0,54.0,76.0,52.0,1,63.0,67.0,63.0,No,1,155.01521
183,530354.0,17.0,3.0,3.0,1.0,2.0,0.0,0,1,0,,,,,,5.0,3.0,3.0,2.0,3.0,1.0,56.0,5.0,22.0,48.0,33.0,32.0,70.0,35.0,1,40.0,79.0,84.0,Yes,0,69.03544
184,530355.0,16.0,3.0,2.0,1.0,2.0,0.0,0,1,1,,,,,,1.0,2.0,2.0,1.0,2.0,1.0,14.0,13.0,88.0,92.0,25.0,83.0,98.0,66.5,1,70.0,63.0,70.0,No,1,109.84956
185,530356.0,17.0,3.0,3.0,1.0,2.0,0.0,0,1,0,,,,,,4.0,3.0,4.0,2.0,3.0,4.0,12.0,20.0,45.0,59.0,73.0,62.0,90.0,58.16666667,1,83.84,89.83,83.84,No,1,51.869617
186,530357.0,16.0,1.0,2.0,1.0,1.0,0.0,0,1,1,,,,,,3.0,3.0,3.0,1.0,2.0,3.0,2.0,32.0,89.0,91.0,20.0,76.0,58.0,61.0,1,62.0,63.0,62.0,No,1,64.611015
187,530358.0,16.0,2.0,1.0,1.0,2.0,0.0,0,0,1,,,,,,4.0,2.0,3.0,1.0,2.0,5.0,0.0,7.0,16.0,28.0,17.0,96.0,82.0,41.0,1,59.6,51.0,59.6,Yes,1,89.99652
188,530359.0,17.0,3.0,3.0,1.0,2.0,0.0,0,1,0,,,,,,3.0,3.0,3.0,1.0,3.0,3.0,6.0,25.0,15.0,46.0,25.0,10.0,22.0,84.0,2,66.0,62.0,66.0,No,2,56.651505
189,530360.0,17.0,1.0,2.0,1.0,2.0,0.0,0,0,0,,,,,,3.0,1.0,3.0,1.0,5.0,3.0,4.0,65.0,70.0,58.0,4.0,67.0,78.0,57.0,1,84.0,75.0,84.0,No,1,98.069695
190,530361.0,16.0,2.0,3.0,1.0,2.0,0.0,0,0,0,,,,,,4.0,3.0,3.0,1.0,1.0,2.0,10.0,16.0,30.0,79.0,51.0,60.0,93.0,54.83333333,1,85.0,90.0,85.0,No,1,81.860054
191,530362.0,17.0,1.0,1.0,1.0,2.0,0.0,0,0,0,,,,,,5.0,3.0,3.0,1.0,1.0,3.0,0.0,52.0,82.0,33.0,92.0,31.0,72.0,60.33333333,1,52.0,57.0,52.0,Yes,2,74.06641
192,530363.0,17.0,1.0,2.0,2.0,2.0,0.0,0,0,1,,,,,,4.0,4.0,4.0,4.0,5.0,5.0,12.0,87.0,13.0,24.0,82.0,47.0,16.0,44.83333333,1,60.23,69.0,60.23,No,1,53.46278
193,530364.0,16.0,3.0,3.0,1.0,1.0,0.0,0,1,0,,,,,,4.0,3.0,2.0,3.0,4.0,5.0,8.0,12.0,77.0,94.0,38.0,15.0,75.0,51.83333333,1,52.0,62.0,52.0,Yes,0,44.186157
194,530365.0,16.0,2.0,3.0,2.0,1.0,0.0,0,0,0,,,,,,5.0,3.0,3.0,1.0,1.0,3.0,0.0,16.0,1.0,79.0,84.0,60.0,78.0,53.0,1,58.0,62.0,58.0,Yes,1,87.58188
195,530366.0,17.0,2.0,4.0,1.0,2.0,0.0,0,0,0,,,,,,4.0,3.0,2.0,1.0,1.0,5.0,0.0,25.0,49.0,22.0,90.0,13.0,66.0,44.16666667,1,73.0,78.0,73.0,No,1,66.126724
196,530367.0,17.0,4.0,4.0,1.0,1.0,0.0,0,0,0,,,,,,5.0,2.0,3.0,1.0,2.0,5.0,4.0,72.0,30.0,24.0,19.0,25.0,86.0,42.66666667,1,76.0,70.0,76.0,No,1,42.470924
197,530368.0,16.0,3.0,3.0,3.0,1.0,0.0,0,1,1,,,,,,3.0,3.0,4.0,3.0,5.0,3.0,8.0,70.0,67.0,64.0,58.0,12.0,88.0,64.33333333,1,49.0,62.5,70.5,Yes,2,53.033276
198,530369.0,17.0,4.0,4.0,2.0,1.0,1.0,0,1,0,,,,,,4.0,2.0,4.0,2.0,3.0,2.0,24.0,39.0,36.0,11.0,93.0,98.0,52.0,54.83333333,1,69.0,73.0,69.0,No,1,86.540565
199,530370.0,16.0,4.0,4.0,1.0,2.0,0.0,0,1,1,,,,,,4.0,5.0,2.0,1.0,2.0,3.0,0.0,30.0,83.0,29.0,64.0,33.0,66.0,50.83333333,1,54.0,82.0,54.0,Yes,0,78.98642
200,530371.0,16.0,4.0,3.0,1.0,2.0,0.0,0,1,0,,,,,,4.0,3.0,5.0,1.0,5.0,2.0,2.0,39.0,25.0,26.0,82.0,76.0,26.0,45.66666667,1,67.0,91.0,67.0,No,1,78.98642
201,530372.0,16.0,2.0,3.0,1.0,2.0,0.0,1,1,1,,,,,,4.0,4.0,3.0,1.0,3.0,4.0,6.0,45.0,84.0,65.0,46.0,94.0,27.0,60.16666667,1,79.33,78.33,79.33,No,1,44.186157
202,530373.0,17.0,1.0,1.0,1.0,2.0,0.0,0,1,1,,,,,,4.0,4.0,4.0,1.0,3.0,1.0,4.0,71.0,90.0,68.0,55.0,69.0,25.0,63.0,1,65.0,68.0,65.0,No,1,89.99652
203,530374.0,17.0,2.0,2.0,1.0,1.0,0.0,0,1,0,,,,,,5.0,3.0,2.0,1.0,2.0,3.0,18.0,36.0,20.0,99.0,88.0,64.0,43.0,58.33333333,1,56.0,52.0,56.0,Yes,1,64.97837
204,530375.0,16.0,2.0,2.0,2.0,4.0,0.0,0,1,1,,,,,,5.0,3.0,5.0,1.0,1.0,5.0,6.0,99.0,49.0,73.0,90.0,22.0,99.0,72.0,1,85.8,73.6,85.8,No,1,72.59965
205,530376.0,17.0,3.0,4.0,1.0,3.0,1.0,0,1,1,,,,,,4.0,4.0,3.0,3.0,4.0,5.0,28.0,44.0,37.0,14.0,30.0,98.0,39.0,43.66666667,1,55.0,49.8,55.0,Yes,2,86.30517
206,530377.0,16.0,3.0,1.0,1.0,2.0,3.0,0,1,1,,,,,,2.0,3.0,3.0,2.0,2.0,4.0,5.0,58.0,40.0,30.0,71.0,47.0,21.0,44.5,1,46.0,49.2,46.0,Yes,0,62.027668
207,530378.0,16.0,4.0,3.0,1.0,2.0,0.0,0,0,1,,,,,,1.0,3.0,2.0,1.0,1.0,1.0,10.0,89.0,97.0,48.0,87.0,74.0,14.0,68.16666667,1,82.0,64.0,82.0,No,1,36.59629
208,530379.0,16.0,1.0,1.0,2.0,1.0,0.0,0,1,1,,,,,,4.0,3.0,2.0,1.0,4.0,5.0,6.0,92.0,19.0,77.0,4.0,62.0,36.0,48.33333333,1,73.0,79.0,73.0,No,1,50.75494
209,530380.0,17.0,4.0,3.0,2.0,3.0,0.0,0,1,1,,,,,,4.0,4.0,2.0,1.0,1.0,4.0,6.0,77.0,65.0,19.0,94.0,20.0,44.0,53.16666667,1,58.0,70.0,58.0,Yes,1,65.88117
210,530381.0,19.0,3.0,3.0,1.0,4.0,0.0,0,1,1,,,,,,4.0,3.0,3.0,1.0,2.0,3.0,10.0,62.0,85.0,73.0,33.0,34.0,30.0,52.83333333,1,58.0,61.0,58.0,Yes,2,77.43158
211,530382.0,17.0,4.0,4.0,1.0,2.0,0.0,0,1,1,,,,,,5.0,3.0,5.0,4.0,5.0,3.0,13.0,70.0,0.0,49.0,54.0,59.0,28.0,43.33333333,1,69.6,68.4,69.6,No,1,66.699005
212,530383.0,16.0,2.0,2.0,1.0,2.0,0.0,1,1,1,,,,,,3.0,3.0,4.0,1.0,1.0,4.0,0.0,92.0,92.0,94.0,20.0,95.0,18.0,68.5,1,47.0,55.0,47.0,Yes,0,50.945698
213,530384.0,18.0,2.0,2.0,1.0,2.0,1.0,0,1,1,,,,,,4.0,4.0,4.0,2.0,4.0,5.0,15.0,90.0,49.0,88.0,60.0,38.0,12.0,56.16666667,1,77.0,87.0,77.0,No,1,62.94545
214,530385.0,17.0,4.0,4.0,1.0,1.0,0.0,0,1,1,,,,,,5.0,2.0,1.0,1.0,2.0,3.0,12.0,29.0,48.0,74.0,93.0,35.0,22.0,50.16666667,1,62.0,47.0,62.0,No,1,45.750095
215,530386.0,17.0,3.0,2.0,2.0,2.0,0.0,0,0,1,,,,,,4.0,4.0,4.0,1.0,3.0,1.0,2.0,87.0,49.0,35.0,73.0,81.0,4.0,54.83333333,1,65.0,75.0,65.0,No,1,57.14638
216,530387.0,17.0,4.0,3.0,1.0,2.0,2.0,0,0,1,,,,,,3.0,4.0,5.0,2.0,4.0,1.0,22.0,60.0,1.0,15.0,37.0,31.0,72.0,36.0,1,63.0,66.2,63.0,No,1,43.401478
217,530388.0,18.0,3.0,3.0,1.0,2.0,1.0,0,1,1,,,,,,3.0,2.0,4.0,2.0,4.0,4.0,13.0,15.0,13.0,11.0,13.0,37.0,20.0,84.0,2,55.0,67.0,55.0,Yes,1,70.10956
218,530389.0,17.0,2.0,3.0,2.0,1.0,0.0,0,1,1,,,,,,3.0,3.0,3.0,1.0,4.0,3.0,3.0,44.0,35.0,98.0,34.0,8.0,53.0,45.33333333,1,63.0,66.0,63.0,No,1,55.850334
219,530390.0,17.0,2.0,2.0,1.0,3.0,0.0,0,1,1,,,,,,4.0,3.0,3.0,1.0,1.0,4.0,4.0,53.0,40.0,60.0,52.0,39.0,20.0,44.0,1,60.0,67.0,60.0,No,1,9865.936
220,530391.0,17.0,2.0,1.0,2.0,2.0,0.0,0,1,0,,,,,,4.0,2.0,5.0,1.0,2.0,5.0,2.0,61.0,70.0,86.0,59.0,91.0,80.0,74.5,2,62.0,65.0,62.0,No,2,42925.625
221,530392.0,17.0,1.0,1.0,1.0,3.0,1.0,0,1,0,,,,,,4.0,3.0,4.0,1.0,1.0,5.0,0.0,85.0,13.0,40.0,18.0,17.0,35.0,34.66666667,1,79.0,76.0,79.0,No,1,39624.273
222,530393.0,16.0,2.0,3.0,1.0,2.0,0.0,1,0,0,,,,,,2.0,3.0,1.0,1.0,1.0,3.0,2.0,92.0,3.0,69.0,39.0,31.0,25.0,43.16666667,1,69.8,60.8,69.8,No,1,29514.637
223,530394.0,18.0,2.0,2.0,2.0,2.0,0.0,0,1,1,,,,,,3.0,3.0,3.0,5.0,5.0,4.0,0.0,19.0,41.0,14.0,98.0,68.0,67.0,51.16666667,1,77.4,60.0,77.4,No,1,15236.911
224,530395.0,16.0,4.0,4.0,1.0,3.0,0.0,0,1,0,,,,,,5.0,3.0,2.0,1.0,1.0,5.0,0.0,18.0,35.0,70.0,90.0,82.0,96.0,65.16666667,1,76.5,97.7,76.5,No,1,18432.92
225,530396.0,18.0,3.0,1.0,1.0,2.0,1.0,0,0,0,,,,,,5.0,3.0,3.0,1.0,1.0,4.0,16.0,12.0,35.0,37.0,32.0,70.0,66.0,42.0,1,52.58,54.6,52.58,Yes,2,9796.245
226,530397.0,17.0,3.0,2.0,1.0,2.0,0.0,0,0,0,,,,,,5.0,3.0,4.0,1.0,3.0,3.0,10.0,36.0,72.0,88.0,74.0,70.0,59.0,66.5,1,71.0,79.0,71.0,No,1,81.7456
227,530398.0,17.0,2.0,3.0,1.0,2.0,0.0,0,1,1,,,,,,5.0,3.0,3.0,1.0,3.0,3.0,2.0,33.0,92.0,14.0,54.0,12.0,41.0,41.0,1,63.0,67.0,63.0,No,1,58.45642
228,530399.0,18.0,2.0,1.0,4.0,2.0,0.0,1,1,1,,,,,,4.0,3.0,2.0,4.0,5.0,3.0,14.0,41.0,85.0,45.0,99.0,45.0,95.0,68.33333333,1,76.76,76.5,76.76,No,1,67.50016
229,530400.0,17.0,2.0,1.0,2.0,3.0,0.0,0,0,0,,,,,,3.0,2.0,3.0,1.0,2.0,3.0,10.0,28.0,45.0,30.0,14.0,88.0,58.0,43.83333333,1,62.0,67.0,62.0,No,1,75.722466
230,530401.0,17.0,4.0,3.0,1.0,2.0,0.0,0,0,0,,,,,,3.0,2.0,3.0,1.0,2.0,3.0,14.0,26.0,32.0,8.0,19.0,70.0,55.0,35.0,1,64.0,73.5,64.0,No,1,59.21403
231,530402.0,17.0,2.0,2.0,2.0,2.0,0.0,0,1,1,,,,,,4.0,5.0,2.0,1.0,1.0,1.0,4.0,81.0,61.0,90.0,20.0,56.0,46.0,59.0,1,67.0,53.0,67.0,No,1,53.87552
232,530403.0,17.0,4.0,4.0,1.0,2.0,0.0,1,1,0,,,,,,4.0,5.0,5.0,1.0,3.0,2.0,14.0,72.0,82.0,92.0,63.0,85.0,30.0,70.66666667,1,61.0,81.0,61.0,No,1,61.78708
233,530404.0,16.0,4.0,4.0,1.0,2.0,0.0,0,1,1,,,,,,4.0,2.0,4.0,2.0,4.0,1.0,2.0,81.0,74.0,16.0,30.0,70.0,40.0,51.83333333,1,87.0,65.0,87.0,No,1,91.0866
234,530405.0,16.0,1.0,1.0,2.0,2.0,0.0,0,1,1,,,,,,3.0,4.0,2.0,1.0,1.0,5.0,18.0,97.0,96.0,96.0,39.0,93.0,91.0,85.33333333,2,62.0,51.0,62.0,No,2,
235,530406.0,16.0,3.0,2.0,2.0,3.0,0.0,0,0,0,,,,,,5.0,3.0,3.0,1.0,3.0,2.0,10.0,96.0,49.0,52.0,84.0,8.0,28.0,52.83333333,1,69.0,78.0,69.0,No,1,
236,530407.0,17.0,2.0,2.0,1.0,2.0,0.0,0,0,1,,,,,,4.0,4.0,2.0,5.0,5.0,4.0,4.0,71.0,34.0,85.0,94.0,8.0,3.0,49.16666667,1,51.0,44.0,51.0,Yes,0,
237,530408.0,16.0,2.0,1.0,1.0,1.0,0.0,0,0,0,,,,,,4.0,5.0,2.0,1.0,1.0,5.0,20.0,80.0,6.0,25.0,68.0,51.0,11.0,40.16666667,1,79.0,76.0,79.0,No,1,
238,530409.0,17.0,2.0,1.0,3.0,2.0,0.0,0,0,0,,,,,,2.0,1.0,1.0,1.0,1.0,3.0,2.0,53.0,83.0,54.0,98.0,74.0,97.0,76.5,2,73.0,58.0,73.0,No,2,
239,530410.0,18.0,2.0,2.0,1.0,2.0,1.0,0,0,0,,,,,,5.0,5.0,4.0,3.0,5.0,2.0,0.0,11.0,56.0,80.0,40.0,60.0,58.0,50.83333333,1,81.0,68.0,81.0,No,1,
240,530411.0,17.0,4.0,3.0,2.0,2.0,0.0,0,0,0,,,,,,2.0,5.0,5.0,1.0,4.0,5.0,14.0,29.0,21.0,14.0,70.0,71.0,48.0,84.0,2,48.0,77.0,78.0,Yes,1,
241,530412.0,17.0,4.0,4.0,2.0,2.0,0.0,0,1,1,,,,,,3.0,3.0,3.0,2.0,3.0,4.0,2.0,19.0,52.0,22.0,81.0,86.0,56.0,52.66666667,1,74.0,63.16,74.0,No,1,
242,530413.0,16.0,4.0,3.0,1.0,1.0,0.0,0,0,0,,,,,,5.0,4.0,5.0,1.0,1.0,3.0,0.0,50.0,58.0,87.0,69.0,59.0,21.0,58.0,1,49.0,39.0,49.0,Yes,2,
243,530414.0,16.0,4.0,4.0,1.0,1.0,0.0,0,0,0,,,,,,5.0,3.0,2.0,1.0,2.0,5.0,0.0,56.0,85.0,34.0,99.0,65.0,98.0,72.83333333,1,87.0,87.0,87.0,No,1,
244,530415.0,18.0,2.0,1.0,2.0,3.0,0.0,0,1,1,,,,,,4.0,4.0,4.0,1.0,1.0,3.0,0.0,84.0,91.0,94.0,47.0,87.0,33.0,72.66666667,1,47.0,73.0,77.0,Yes,0,
245,530416.0,16.0,2.0,1.0,3.0,1.0,0.0,0,0,0,,,,,,4.0,3.0,3.0,1.0,1.0,4.0,6.0,26.0,53.0,44.0,50.0,32.0,23.0,38.0,1,76.0,64.0,76.0,No,1,
246,530417.0,17.0,2.0,3.0,2.0,1.0,0.0,0,0,0,,,,,,5.0,2.0,2.0,1.0,1.0,2.0,4.0,70.0,63.0,59.0,25.0,56.0,62.0,55.83333333,0,70.89,71.98,70.89,No,0,
247,530418.0,22.0,3.0,1.0,1.0,1.0,3.0,0,0,0,,,,,,5.0,4.0,5.0,5.0,5.0,1.0,16.0,63.0,16.0,15.0,24.0,62.0,62.0,40.33333333,0,63.0,60.0,63.0,No,0,
248,530419.0,18.0,3.0,3.0,1.0,2.0,1.0,0,1,0,,,,,,4.0,3.0,3.0,1.0,3.0,5.0,8.0,83.0,82.0,7.0,31.0,92.0,38.0,55.5,0,63.0,62.0,63.0,No,0,
249,530420.0,16.0,0.0,2.0,1.0,1.0,0.0,0,0,1,,,,,,4.0,3.0,2.0,2.0,4.0,5.0,0.0,85.0,83.0,69.0,67.0,29.0,11.0,57.33333333,0,50.0,37.0,50.0,Yes,1,
250,530421.0,18.0,3.0,2.0,2.0,1.0,1.0,0,0,0,,,,,,4.0,4.0,5.0,2.0,4.0,5.0,0.0,96.0,95.0,83.0,39.0,71.0,85.0,78.16666667,2,75.2,73.2,75.2,No,2,
251,530422.0,16.0,3.0,3.0,3.0,2.0,0.0,1,1,0,,,,,,5.0,3.0,3.0,1.0,3.0,2.0,6.0,96.0,91.0,50.0,91.0,43.0,17.0,64.66666667,1,54.4,61.12,54.4,Yes,2,
252,530423.0,18.0,2.0,1.0,1.0,1.0,1.0,0,0,0,,,,,,3.0,2.0,5.0,2.0,5.0,5.0,4.0,19.0,98.0,61.0,86.0,87.0,51.0,67.0,1,40.89,45.83,40.89,Yes,0,
253,530424.0,16.0,2.0,1.0,2.0,1.0,0.0,0,0,0,,,,,,3.0,3.0,2.0,1.0,3.0,3.0,0.0,90.0,31.0,72.0,57.0,53.0,55.0,59.66666667,1,80.0,70.0,80.0,No,1,
254,530425.0,17.0,2.0,1.0,1.0,1.0,0.0,0,0,0,,,,,,4.0,4.0,2.0,2.0,4.0,5.0,0.0,57.0,57.0,62.0,36.0,86.0,46.0,57.33333333,0,74.0,60.0,74.0,No,0,
255,530426.0,17.0,1.0,1.0,2.0,1.0,1.0,0,1,0,,,,,,4.0,4.0,4.0,1.0,2.0,5.0,2.0,38.0,49.0,38.0,64.0,21.0,91.0,50.16666667,0,60.4,66.6,60.4,No,0,
256,530427.0,17.0,4.0,2.0,1.0,4.0,0.0,0,1,1,,,,,,4.0,2.0,3.0,1.0,1.0,4.0,6.0,63.0,40.0,93.0,86.0,86.0,8.0,62.66666667,1,63.0,71.4,63.0,No,1,
257,530428.0,19.0,4.0,3.0,1.0,2.0,0.0,0,1,0,,,,,,4.0,3.0,1.0,1.0,1.0,1.0,12.0,86.0,75.0,86.0,44.0,91.0,96.0,79.66666667,2,68.0,76.0,68.0,No,2,
258,530429.0,18.0,2.0,1.0,1.0,2.0,0.0,0,0,0,,,,,,5.0,2.0,4.0,1.0,2.0,4.0,8.0,16.0,44.0,26.0,94.0,57.0,85.0,53.66666667,0,74.0,62.0,74.0,No,0,
259,530430.0,17.0,2.0,2.0,1.0,4.0,0.0,0,0,1,,,,,,3.0,4.0,1.0,1.0,1.0,2.0,0.0,34.0,79.0,63.0,59.0,69.0,92.0,66.0,1,52.6,65.58,52.6,Yes,1,
260,530431.0,18.0,4.0,3.0,1.0,2.0,0.0,0,1,1,,,,,,3.0,1.0,2.0,1.0,3.0,2.0,21.0,44.0,50.0,94.0,36.0,77.0,89.0,65.0,1,74.0,70.0,74.0,No,1,
261,530432.0,18.0,4.0,3.0,1.0,2.0,0.0,0,1,1,,,,,,4.0,3.0,2.0,1.0,1.0,3.0,2.0,82.0,36.0,31.0,13.0,77.0,7.0,41.0,0,84.2,73.4,84.2,No,0,
262,530433.0,18.0,3.0,2.0,1.0,3.0,0.0,0,0,0,,,,,,5.0,3.0,2.0,1.0,1.0,3.0,1.0,49.0,27.0,83.0,9.0,68.0,24.0,43.33333333,0,44.0,64.2,86.5,Yes,2,
263,530434.0,17.0,3.0,3.0,1.0,3.0,0.0,0,0,0,,,,,,3.0,2.0,3.0,1.0,1.0,4.0,4.0,36.0,93.0,54.0,72.0,98.0,44.0,66.16666667,1,61.0,70.0,61.0,No,1,
264,530435.0,18.0,2.0,2.0,1.0,3.0,0.0,0,1,1,,,,,,4.0,3.0,3.0,1.0,1.0,3.0,0.0,28.0,12.0,87.0,71.0,15.0,57.0,45.0,0,80.0,73.0,80.0,No,0,
265,530436.0,18.0,3.0,4.0,2.0,2.0,0.0,0,1,1,,,,,,4.0,2.0,5.0,3.0,4.0,1.0,13.0,18.0,70.0,15.0,36.0,18.0,21.0,84.0,2,54.0,47.0,54.0,Yes,0,
266,530437.0,17.0,3.0,1.0,1.0,2.0,0.0,0,0,1,,,,,,5.0,4.0,4.0,3.0,4.0,5.0,2.0,49.0,14.0,62.0,10.0,19.0,8.0,84.0,2,83.0,74.0,83.0,No,2,
267,530438.0,18.0,4.0,4.0,2.0,2.0,0.0,0,0,1,,,,,,4.0,3.0,4.0,2.0,2.0,4.0,8.0,53.0,45.0,40.0,7.0,28.0,56.0,38.16666667,0,80.92,78.5,80.92,No,0,
268,530439.0,18.0,4.0,2.0,1.0,2.0,0.0,0,1,1,,,,,,5.0,4.0,5.0,1.0,3.0,5.0,10.0,26.0,45.0,9.0,79.0,37.0,80.0,46.0,0,69.7,47.0,69.7,No,0,
269,530440.0,18.0,2.0,1.0,2.0,2.0,0.0,0,1,0,,,,,,4.0,3.0,5.0,1.0,2.0,3.0,0.0,41.0,98.0,56.0,74.0,69.0,42.0,63.33333333,1,73.0,73.0,73.0,No,1,
270,530441.0,19.0,3.0,3.0,1.0,2.0,2.0,0,1,1,,,,,,4.0,3.0,5.0,3.0,3.0,5.0,15.0,34.0,10.0,24.0,10.0,19.0,70.0,84.0,2,82.0,61.0,82.0,No,2,
271,530442.0,18.0,2.0,3.0,1.0,4.0,0.0,0,1,1,,,,,,4.0,5.0,5.0,1.0,3.0,2.0,4.0,4.0,60.0,18.0,24.0,19.0,31.0,84.0,2,75.0,70.29,75.0,No,2,
272,530443.0,18.0,1.0,1.0,2.0,2.0,0.0,0,1,1,,,,,,4.0,4.0,3.0,1.0,1.0,3.0,2.0,65.0,38.0,42.0,57.0,76.0,77.0,59.16666667,1,42.0,67.0,84.86,Yes,1,
273,530444.0,17.0,1.0,2.0,1.0,2.0,0.0,0,1,1,,,,,,3.0,5.0,2.0,2.0,2.0,1.0,2.0,36.0,77.0,58.0,58.0,76.0,96.0,66.83333333,1,64.6,83.83,64.6,No,1,
274,530445.0,17.0,2.0,4.0,2.0,2.0,0.0,0,1,1,,,,,,4.0,3.0,3.0,1.0,1.0,1.0,2.0,40.0,38.0,19.0,6.0,53.0,57.0,35.5,0,56.6,64.8,56.6,Yes,2,
275,530446.0,17.0,2.0,2.0,2.0,2.0,0.0,1,1,1,,,,,,4.0,4.0,4.0,2.0,3.0,5.0,6.0,59.0,72.0,22.0,93.0,67.0,56.0,61.5,1,59.0,62.0,59.0,Yes,0,
276,530447.0,18.0,3.0,2.0,2.0,2.0,0.0,0,0,0,,,,,,4.0,1.0,1.0,1.0,1.0,5.0,75.0,80.0,67.0,52.0,53.0,78.0,69.0,66.5,1,66.5,70.4,66.5,No,1,
277,530448.0,18.0,4.0,4.0,2.0,1.0,0.0,0,0,1,,,,,,3.0,2.0,4.0,1.0,4.0,3.0,22.0,43.0,62.0,64.0,37.0,73.0,90.0,61.5,1,64.0,80.0,64.0,No,1,
278,530449.0,18.0,4.0,4.0,1.0,2.0,1.0,1,1,0,,,,,,2.0,4.0,4.0,1.0,1.0,4.0,15.0,61.0,5.0,71.0,72.0,56.0,30.0,49.16666667,0,84.0,90.9,84.0,No,0,
279,530450.0,18.0,4.0,3.0,2.0,1.0,0.0,0,0,1,,,,,,4.0,2.0,3.0,1.0,2.0,1.0,8.0,63.0,94.0,14.0,59.0,66.0,75.0,61.83333333,1,69.0,62.0,69.0,No,1,
280,530451.0,17.0,4.0,1.0,2.0,1.0,0.0,0,0,1,,,,,,4.0,5.0,4.0,2.0,4.0,5.0,30.0,21.0,49.0,48.0,51.0,70.0,4.0,40.5,0,69.0,62.0,69.0,No,0,
281,530452.0,17.0,3.0,2.0,1.0,1.0,1.0,0,0,0,,,,,,4.0,4.0,4.0,3.0,4.0,3.0,19.0,80.0,17.0,19.0,6.0,72.0,88.0,47.0,0,81.7,63.0,81.7,No,0,
282,530453.0,18.0,1.0,1.0,2.0,4.0,0.0,0,1,1,,,,,,5.0,2.0,2.0,1.0,1.0,3.0,1.0,70.0,31.0,60.0,21.0,54.0,76.0,52.0,0,63.0,67.0,63.0,No,0,
283,530454.0,18.0,1.0,1.0,2.0,2.0,0.0,1,0,0,,,,,,5.0,4.0,4.0,1.0,1.0,4.0,4.0,5.0,22.0,48.0,33.0,32.0,70.0,35.0,0,40.0,79.0,84.0,Yes,1,
284,530455.0,17.0,2.0,2.0,1.0,2.0,0.0,0,1,0,,,,,,5.0,4.0,5.0,1.0,2.0,5.0,4.0,13.0,88.0,92.0,25.0,83.0,98.0,66.5,1,70.0,63.0,70.0,No,1,
285,530456.0,17.0,1.0,1.0,1.0,2.0,0.0,0,0,1,,,,,,4.0,3.0,3.0,1.0,2.0,4.0,2.0,20.0,45.0,59.0,73.0,62.0,90.0,58.16666667,0,83.84,89.83,83.84,No,0,
286,530457.0,18.0,2.0,2.0,1.0,3.0,0.0,0,1,1,,,,,,4.0,3.0,3.0,1.0,2.0,2.0,5.0,32.0,89.0,91.0,20.0,76.0,58.0,61.0,1,62.0,63.0,62.0,No,1,
287,530458.0,17.0,1.0,1.0,1.0,3.0,0.0,0,1,1,,,,,,4.0,3.0,3.0,1.0,1.0,3.0,6.0,7.0,16.0,28.0,17.0,96.0,82.0,41.0,0,59.6,51.0,59.6,Yes,2,
288,530459.0,18.0,2.0,1.0,1.0,3.0,0.0,0,0,1,,,,,,4.0,2.0,4.0,1.0,3.0,2.0,6.0,25.0,15.0,46.0,25.0,10.0,22.0,84.0,2,66.0,62.0,66.0,No,2,
289,530460.0,18.0,4.0,4.0,1.0,2.0,0.0,0,1,1,,,,,,5.0,4.0,3.0,1.0,1.0,2.0,9.0,65.0,70.0,58.0,4.0,67.0,78.0,57.0,0,84.0,75.0,84.0,No,0,
290,530461.0,18.0,4.0,2.0,1.0,2.0,0.0,0,1,1,,,,,,4.0,3.0,2.0,1.0,4.0,5.0,11.0,16.0,30.0,79.0,51.0,60.0,93.0,54.83333333,0,85.0,90.0,85.0,No,0,
291,530462.0,17.0,4.0,3.0,1.0,3.0,0.0,0,1,1,,,,,,4.0,2.0,2.0,1.0,2.0,3.0,0.0,52.0,82.0,33.0,92.0,31.0,72.0,60.33333333,1,52.0,57.0,52.0,Yes,0,
292,530463.0,18.0,2.0,1.0,1.0,2.0,1.0,0,0,0,,,,,,5.0,4.0,3.0,1.0,1.0,5.0,12.0,87.0,13.0,24.0,82.0,47.0,16.0,44.83333333,0,60.23,69.0,60.23,No,0,
293,530464.0,17.0,3.0,1.0,2.0,4.0,0.0,0,1,1,,,,,,3.0,1.0,2.0,1.0,1.0,3.0,6.0,12.0,77.0,94.0,38.0,15.0,75.0,51.83333333,0,52.0,62.0,52.0,Yes,1,
294,530465.0,18.0,3.0,2.0,2.0,3.0,0.0,0,1,1,,,,,,5.0,4.0,2.0,1.0,1.0,4.0,8.0,16.0,1.0,79.0,84.0,60.0,78.0,53.0,0,58.0,62.0,58.0,Yes,2,
295,530466.0,17.0,3.0,3.0,1.0,1.0,0.0,0,1,1,,,,,,4.0,4.0,3.0,1.0,3.0,5.0,4.0,25.0,49.0,22.0,90.0,13.0,66.0,44.16666667,0,73.0,78.0,73.0,No,0,
296,530467.0,19.0,4.0,4.0,2.0,2.0,0.0,0,1,1,,,,,,2.0,3.0,4.0,2.0,3.0,2.0,0.0,72.0,30.0,24.0,19.0,25.0,86.0,42.66666667,0,76.0,70.0,76.0,No,0,
297,530468.0,18.0,4.0,3.0,2.0,2.0,0.0,0,1,1,,,,,,4.0,4.0,5.0,1.0,2.0,2.0,10.0,70.0,67.0,64.0,58.0,12.0,88.0,64.33333333,1,49.0,62.5,70.5,Yes,0,
298,530469.0,18.0,4.0,3.0,1.0,4.0,0.0,0,1,1,,,,,,4.0,3.0,3.0,1.0,1.0,3.0,0.0,39.0,36.0,11.0,93.0,98.0,52.0,54.83333333,0,69.0,73.0,69.0,No,0,
299,530470.0,18.0,4.0,4.0,1.0,1.0,0.0,0,1,1,,,,,,1.0,4.0,2.0,2.0,2.0,1.0,5.0,30.0,83.0,29.0,64.0,33.0,66.0,50.83333333,0,54.0,82.0,54.0,Yes,1,
300,530471.0,18.0,4.0,4.0,1.0,2.0,0.0,0,1,0,,,,,,4.0,2.0,4.0,1.0,1.0,4.0,14.0,39.0,25.0,26.0,82.0,76.0,26.0,45.66666667,0,67.0,91.0,67.0,No,0,
301,530472.0,17.0,4.0,4.0,2.0,1.0,0.0,0,0,1,,,,,,4.0,1.0,1.0,2.0,2.0,5.0,0.0,45.0,84.0,65.0,46.0,94.0,27.0,60.16666667,1,79.33,78.33,79.33,No,1,
302,530473.0,17.0,4.0,2.0,2.0,3.0,0.0,0,1,1,,,,,,4.0,3.0,3.0,1.0,1.0,3.0,0.0,71.0,90.0,68.0,55.0,69.0,25.0,63.0,1,65.0,68.0,65.0,No,1,
303,530474.0,17.0,3.0,2.0,1.0,4.0,0.0,0,1,1,,,,,,5.0,2.0,2.0,1.0,2.0,5.0,0.0,36.0,20.0,99.0,88.0,64.0,43.0,58.33333333,0,56.0,52.0,56.0,Yes,2,
304,530475.0,19.0,3.0,3.0,1.0,2.0,1.0,0,1,0,,,,,,4.0,4.0,4.0,1.0,1.0,3.0,20.0,99.0,49.0,73.0,90.0,22.0,99.0,72.0,1,85.8,73.6,85.8,No,1,
305,530476.0,18.0,2.0,4.0,1.0,2.0,1.0,0,1,1,,,,,,4.0,4.0,3.0,1.0,1.0,3.0,8.0,44.0,37.0,14.0,30.0,98.0,39.0,43.66666667,0,55.0,49.8,55.0,Yes,0,
306,530477.0,20.0,3.0,2.0,1.0,1.0,0.0,0,0,0,,,,,,5.0,5.0,3.0,1.0,1.0,5.0,0.0,58.0,40.0,30.0,71.0,47.0,21.0,44.5,0,46.0,49.2,46.0,Yes,1,
307,530478.0,19.0,4.0,4.0,2.0,1.0,1.0,0,1,1,,,,,,4.0,3.0,4.0,1.0,1.0,4.0,38.0,89.0,97.0,48.0,87.0,74.0,14.0,68.16666667,1,82.0,64.0,82.0,No,1,
308,530479.0,19.0,3.0,3.0,1.0,2.0,1.0,0,0,0,,,,,,4.0,5.0,3.0,1.0,2.0,5.0,0.0,92.0,19.0,77.0,4.0,62.0,36.0,48.33333333,0,73.0,79.0,73.0,No,0,
309,530480.0,19.0,1.0,1.0,1.0,2.0,1.0,1,1,0,,,,,,4.0,4.0,3.0,1.0,3.0,3.0,18.0,77.0,65.0,19.0,94.0,20.0,44.0,53.16666667,0,58.0,70.0,58.0,Yes,2,
310,530481.0,19.0,1.0,2.0,1.0,2.0,1.0,0,0,0,,,,,,4.0,2.0,4.0,2.0,2.0,3.0,0.0,62.0,85.0,73.0,33.0,34.0,30.0,52.83333333,0,58.0,61.0,58.0,Yes,0,
311,530482.0,19.0,2.0,1.0,3.0,2.0,0.0,0,1,0,,,,,,3.0,4.0,1.0,1.0,1.0,2.0,20.0,70.0,0.0,49.0,54.0,59.0,28.0,43.33333333,0,69.6,68.4,69.6,No,0,
312,530483.0,19.0,1.0,2.0,1.0,2.0,1.0,0,0,0,,,,,,4.0,5.0,2.0,2.0,2.0,4.0,3.0,92.0,92.0,94.0,20.0,95.0,18.0,68.5,1,47.0,55.0,47.0,Yes,1,
313,530484.0,19.0,3.0,2.0,2.0,2.0,1.0,0,1,1,,,,,,4.0,2.0,2.0,1.0,2.0,1.0,22.0,90.0,49.0,88.0,60.0,38.0,12.0,56.16666667,0,77.0,87.0,77.0,No,0,
314,530485.0,19.0,1.0,1.0,1.0,3.0,2.0,0,0,0,,,,,,4.0,1.0,2.0,1.0,1.0,3.0,14.0,29.0,48.0,74.0,93.0,35.0,22.0,50.16666667,0,62.0,47.0,62.0,No,0,
315,530486.0,19.0,2.0,3.0,1.0,3.0,1.0,0,0,0,,,,,,4.0,1.0,2.0,1.0,1.0,3.0,40.0,87.0,49.0,35.0,73.0,81.0,4.0,54.83333333,0,65.0,75.0,65.0,No,0,
316,530487.0,18.0,2.0,1.0,2.0,2.0,0.0,0,1,1,,,,,,5.0,3.0,3.0,1.0,2.0,1.0,0.0,60.0,1.0,15.0,37.0,31.0,72.0,36.0,0,63.0,66.2,63.0,No,0,
317,530488.0,18.0,4.0,3.0,1.0,3.0,0.0,0,1,1,,,,,,4.0,3.0,4.0,1.0,1.0,5.0,9.0,15.0,13.0,11.0,13.0,37.0,20.0,84.0,2,55.0,67.0,55.0,Yes,2,
318,530489.0,17.0,3.0,4.0,1.0,3.0,0.0,0,1,1,,,,,,4.0,3.0,4.0,2.0,5.0,5.0,0.0,44.0,35.0,98.0,34.0,8.0,53.0,45.33333333,0,63.0,66.0,63.0,No,0,
319,530490.0,18.0,4.0,4.0,1.0,2.0,0.0,0,1,1,,,,,,4.0,4.0,4.0,3.0,3.0,5.0,2.0,53.0,40.0,60.0,52.0,39.0,20.0,44.0,0,60.0,67.0,60.0,No,0,
320,530491.0,17.0,4.0,3.0,1.0,2.0,0.0,0,1,1,,,,,,5.0,2.0,2.0,1.0,2.0,5.0,23.0,61.0,70.0,86.0,59.0,91.0,80.0,74.5,2,62.0,65.0,62.0,No,2,
321,530492.0,17.0,2.0,2.0,1.0,2.0,0.0,0,1,0,,,,,,4.0,2.0,2.0,1.0,1.0,3.0,12.0,85.0,13.0,40.0,18.0,17.0,35.0,34.66666667,0,79.0,76.0,79.0,No,0,
322,530493.0,17.0,2.0,2.0,1.0,3.0,0.0,0,1,1,,,,,,3.0,3.0,2.0,2.0,2.0,3.0,3.0,92.0,3.0,69.0,39.0,31.0,25.0,43.16666667,0,69.8,60.8,69.8,No,0,
323,530494.0,17.0,3.0,1.0,1.0,3.0,0.0,0,1,0,,,,,,3.0,4.0,3.0,2.0,3.0,5.0,1.0,19.0,41.0,14.0,98.0,68.0,67.0,51.16666667,0,77.4,60.0,77.4,No,0,
324,530495.0,17.0,0.0,2.0,2.0,3.0,0.0,0,0,0,,,,,,3.0,3.0,3.0,2.0,3.0,2.0,0.0,18.0,35.0,70.0,90.0,82.0,96.0,65.16666667,1,76.5,97.7,76.5,No,1,
325,530496.0,18.0,4.0,4.0,1.0,3.0,0.0,0,0,0,,,,,,4.0,3.0,3.0,2.0,2.0,3.0,3.0,12.0,35.0,37.0,32.0,70.0,66.0,42.0,0,52.58,54.6,52.58,Yes,0,
326,530497.0,17.0,3.0,3.0,1.0,1.0,0.0,0,0,0,,,,,,4.0,3.0,5.0,3.0,5.0,5.0,3.0,36.0,72.0,88.0,74.0,70.0,59.0,66.5,1,71.0,79.0,71.0,No,1,
327,530498.0,17.0,2.0,2.0,4.0,1.0,0.0,0,1,0,,,,,,4.0,4.0,5.0,5.0,5.0,4.0,8.0,33.0,92.0,14.0,54.0,12.0,41.0,41.0,0,63.0,67.0,63.0,No,0,
328,530499.0,17.0,4.0,4.0,1.0,3.0,0.0,0,1,1,,,,,,5.0,4.0,4.0,1.0,3.0,4.0,7.0,41.0,85.0,45.0,99.0,45.0,95.0,68.33333333,1,76.76,76.5,76.76,No,1,
329,530500.0,17.0,4.0,4.0,2.0,3.0,0.0,0,1,1,,,,,,4.0,3.0,3.0,1.0,2.0,4.0,4.0,28.0,45.0,30.0,14.0,88.0,58.0,43.83333333,0,62.0,67.0,62.0,No,0,
330,530501.0,18.0,2.0,2.0,1.0,4.0,0.0,0,1,0,,,,,,4.0,5.0,5.0,2.0,4.0,5.0,2.0,26.0,32.0,8.0,19.0,70.0,55.0,35.0,0,64.0,73.5,64.0,No,0,
331,530502.0,17.0,2.0,4.0,1.0,3.0,0.0,0,1,0,,,,,,4.0,4.0,3.0,1.0,1.0,5.0,7.0,81.0,61.0,90.0,20.0,56.0,46.0,59.0,1,67.0,53.0,67.0,No,1,
332,530503.0,18.0,3.0,3.0,1.0,2.0,0.0,0,0,0,,,,,,5.0,3.0,4.0,1.0,1.0,4.0,0.0,72.0,82.0,92.0,63.0,85.0,30.0,70.66666667,1,61.0,81.0,61.0,No,1,
333,530504.0,18.0,2.0,2.0,1.0,2.0,0.0,0,0,0,,,,,,4.0,3.0,3.0,1.0,1.0,2.0,0.0,81.0,74.0,16.0,30.0,70.0,40.0,51.83333333,0,87.0,65.0,87.0,No,0,
334,530505.0,18.0,2.0,2.0,2.0,4.0,0.0,0,0,0,,,,,,4.0,4.0,4.0,1.0,1.0,4.0,0.0,97.0,96.0,96.0,39.0,93.0,91.0,85.33333333,2,62.0,51.0,62.0,No,2,
335,530506.0,17.0,3.0,4.0,1.0,3.0,0.0,0,0,0,,,,,,4.0,4.0,5.0,1.0,3.0,5.0,16.0,96.0,49.0,52.0,84.0,8.0,28.0,52.83333333,0,69.0,78.0,69.0,No,0,
336,530507.0,19.0,3.0,1.0,1.0,3.0,1.0,0,0,1,,,,,,5.0,4.0,3.0,1.0,2.0,5.0,12.0,71.0,34.0,85.0,94.0,8.0,3.0,49.16666667,0,51.0,44.0,51.0,Yes,1,
337,530508.0,17.0,3.0,2.0,1.0,2.0,0.0,0,1,1,,,,,,4.0,3.0,2.0,2.0,3.0,2.0,0.0,80.0,6.0,25.0,68.0,51.0,11.0,40.16666667,0,79.0,76.0,79.0,No,0,
338,530509.0,18.0,3.0,3.0,1.0,4.0,0.0,0,1,0,,,,,,5.0,3.0,3.0,1.0,1.0,1.0,7.0,53.0,83.0,54.0,98.0,74.0,97.0,76.5,2,73.0,58.0,73.0,No,2,
339,530510.0,17.0,3.0,2.0,1.0,2.0,0.0,0,1,1,,,,,,4.0,3.0,3.0,2.0,3.0,2.0,4.0,11.0,56.0,80.0,40.0,60.0,58.0,50.83333333,0,81.0,68.0,81.0,No,0,
340,530511.0,19.0,2.0,1.0,1.0,3.0,1.0,0,0,1,,,,,,4.0,3.0,4.0,1.0,3.0,3.0,4.0,29.0,21.0,14.0,70.0,71.0,48.0,84.0,2,48.0,77.0,78.0,Yes,2,
341,530512.0,18.0,4.0,4.0,1.0,2.0,1.0,0,1,0,,,,,,4.0,3.0,3.0,2.0,2.0,2.0,0.0,19.0,52.0,22.0,81.0,86.0,56.0,52.66666667,0,74.0,63.16,74.0,No,0,
342,530513.0,18.0,3.0,4.0,1.0,2.0,0.0,0,0,0,,,,,,4.0,3.0,3.0,1.0,3.0,5.0,11.0,50.0,58.0,87.0,69.0,59.0,21.0,58.0,0,49.0,39.0,49.0,Yes,0,
343,530514.0,17.0,2.0,2.0,1.0,2.0,1.0,0,1,0,,,,,,3.0,3.0,1.0,1.0,2.0,4.0,0.0,56.0,85.0,34.0,99.0,65.0,98.0,72.83333333,1,87.0,87.0,87.0,No,1,
344,530515.0,18.0,2.0,3.0,1.0,3.0,0.0,0,1,0,,,,,,4.0,3.0,3.0,1.0,2.0,3.0,4.0,84.0,91.0,94.0,47.0,87.0,33.0,72.66666667,1,47.0,73.0,77.0,Yes,1,
345,530516.0,18.0,3.0,2.0,1.0,3.0,0.0,0,0,0,,,,,,5.0,4.0,3.0,2.0,3.0,1.0,7.0,26.0,53.0,44.0,50.0,32.0,23.0,38.0,0,76.0,64.0,76.0,No,0,
346,530517.0,18.0,4.0,3.0,1.0,3.0,0.0,0,0,0,,,,,,5.0,3.0,2.0,1.0,2.0,4.0,9.0,70.0,63.0,59.0,25.0,56.0,62.0,55.83333333,0,70.89,71.98,70.89,No,0,
347,530518.0,18.0,4.0,3.0,1.0,3.0,0.0,0,1,1,,,,,,5.0,4.0,5.0,2.0,3.0,5.0,0.0,63.0,16.0,15.0,24.0,62.0,62.0,40.33333333,0,63.0,60.0,63.0,No,0,
348,530519.0,17.0,4.0,3.0,1.0,3.0,0.0,0,1,1,,,,,,4.0,4.0,3.0,1.0,3.0,4.0,0.0,83.0,82.0,7.0,31.0,92.0,38.0,55.5,0,63.0,62.0,63.0,No,0,
349,530520.0,18.0,3.0,2.0,2.0,1.0,1.0,0,1,0,,,,,,2.0,5.0,5.0,5.0,5.0,5.0,10.0,85.0,83.0,69.0,67.0,29.0,11.0,57.33333333,0,50.0,37.0,50.0,Yes,2,
350,530521.0,19.0,1.0,1.0,3.0,2.0,3.0,0,0,0,,,,,,5.0,4.0,4.0,3.0,3.0,2.0,8.0,96.0,95.0,83.0,39.0,71.0,85.0,78.16666667,2,75.2,73.2,75.2,No,2,
351,530522.0,17.0,3.0,3.0,2.0,2.0,0.0,0,1,1,,,,,,4.0,5.0,4.0,2.0,3.0,3.0,2.0,96.0,91.0,50.0,91.0,43.0,17.0,64.66666667,1,54.4,61.12,54.4,Yes,0,
352,530523.0,18.0,1.0,3.0,1.0,1.0,1.0,0,0,0,,,,,,4.0,3.0,3.0,2.0,3.0,3.0,7.0,19.0,98.0,61.0,86.0,87.0,51.0,67.0,1,40.89,45.83,40.89,Yes,1,
353,530524.0,19.0,1.0,1.0,3.0,1.0,1.0,0,1,0,,,,,,4.0,4.0,4.0,3.0,3.0,5.0,4.0,90.0,31.0,72.0,57.0,53.0,55.0,59.66666667,1,80.0,70.0,80.0,No,1,
354,530525.0,17.0,4.0,3.0,2.0,2.0,0.0,0,1,1,,,,,,4.0,5.0,5.0,1.0,3.0,2.0,4.0,57.0,57.0,62.0,36.0,86.0,46.0,57.33333333,0,74.0,60.0,74.0,No,0,
355,530526.0,18.0,3.0,3.0,1.0,2.0,0.0,0,1,0,,,,,,5.0,3.0,4.0,1.0,1.0,5.0,0.0,38.0,49.0,38.0,64.0,21.0,91.0,50.16666667,0,60.4,66.6,60.4,No,0,
356,530527.0,17.0,4.0,4.0,2.0,2.0,0.0,0,1,1,,,,,,4.0,3.0,3.0,1.0,2.0,5.0,4.0,63.0,40.0,93.0,86.0,86.0,8.0,62.66666667,1,63.0,71.4,63.0,No,1,
357,530528.0,17.0,3.0,2.0,2.0,2.0,0.0,0,0,0,,,,,,1.0,2.0,3.0,1.0,2.0,5.0,2.0,86.0,75.0,86.0,44.0,91.0,96.0,79.66666667,2,68.0,76.0,68.0,No,2,
358,530529.0,18.0,1.0,1.0,2.0,1.0,0.0,0,0,0,,,,,,3.0,3.0,2.0,1.0,2.0,3.0,4.0,16.0,44.0,26.0,94.0,57.0,85.0,53.66666667,0,74.0,62.0,74.0,No,0,
359,530530.0,18.0,1.0,1.0,2.0,3.0,0.0,0,0,0,,,,,,5.0,3.0,2.0,1.0,1.0,4.0,0.0,34.0,79.0,63.0,59.0,69.0,92.0,66.0,1,52.6,65.58,52.6,Yes,2,
360,530531.0,18.0,1.0,4.0,3.0,2.0,0.0,0,0,0,,,,,,4.0,3.0,4.0,1.0,4.0,5.0,0.0,44.0,50.0,94.0,36.0,77.0,89.0,65.0,1,74.0,70.0,74.0,No,1,
361,530532.0,18.0,1.0,1.0,2.0,2.0,1.0,0,0,0,,,,,,4.0,4.0,3.0,2.0,3.0,5.0,2.0,82.0,36.0,31.0,13.0,77.0,7.0,41.0,0,84.2,73.4,84.2,No,0,
362,530533.0,18.0,3.0,3.0,2.0,2.0,0.0,0,1,0,,,,,,4.0,3.0,2.0,1.0,3.0,3.0,0.0,49.0,27.0,83.0,9.0,68.0,24.0,43.33333333,0,44.0,64.2,86.5,Yes,0,
363,530534.0,17.0,4.0,4.0,1.0,2.0,0.0,0,1,1,,,,,,2.0,3.0,4.0,1.0,1.0,1.0,0.0,36.0,93.0,54.0,72.0,98.0,44.0,66.16666667,1,61.0,70.0,61.0,No,1,
364,530535.0,17.0,1.0,2.0,2.0,2.0,0.0,0,0,0,,,,,,3.0,2.0,2.0,1.0,2.0,3.0,0.0,28.0,12.0,87.0,71.0,15.0,57.0,45.0,0,80.0,73.0,80.0,No,0,
365,530536.0,18.0,1.0,3.0,2.0,2.0,0.0,0,1,1,,,,,,3.0,3.0,4.0,2.0,4.0,3.0,4.0,18.0,70.0,15.0,36.0,18.0,21.0,84.0,2,54.0,47.0,54.0,Yes,1,
366,530537.0,18.0,4.0,4.0,2.0,3.0,0.0,0,0,1,,,,,,4.0,2.0,2.0,2.0,2.0,5.0,0.0,49.0,14.0,62.0,10.0,19.0,8.0,84.0,2,83.0,74.0,83.0,No,2,
367,530538.0,17.0,1.0,1.0,3.0,1.0,1.0,0,1,1,,,,,,5.0,2.0,1.0,1.0,2.0,1.0,0.0,53.0,45.0,40.0,7.0,28.0,56.0,38.16666667,0,80.92,78.5,80.92,No,0,
368,530539.0,18.0,2.0,3.0,2.0,1.0,0.0,0,1,1,,,,,,5.0,2.0,3.0,1.0,2.0,4.0,0.0,26.0,45.0,9.0,79.0,37.0,80.0,46.0,0,69.7,47.0,69.7,No,0,
369,530540.0,18.0,4.0,4.0,3.0,2.0,0.0,0,1,1,,,,,,3.0,2.0,2.0,4.0,2.0,5.0,10.0,41.0,98.0,56.0,74.0,69.0,42.0,63.33333333,1,73.0,73.0,73.0,No,1,
370,530541.0,19.0,3.0,2.0,2.0,2.0,2.0,0,0,0,,,,,,3.0,2.0,2.0,1.0,1.0,3.0,4.0,34.0,10.0,24.0,10.0,19.0,70.0,84.0,2,82.0,61.0,82.0,No,2,
371,530542.0,18.0,1.0,2.0,3.0,1.0,0.0,0,1,1,,,,,,4.0,3.0,3.0,2.0,3.0,3.0,3.0,4.0,60.0,18.0,24.0,19.0,31.0,84.0,2,75.0,70.29,75.0,No,2,
372,530543.0,17.0,2.0,2.0,1.0,3.0,0.0,0,0,0,,,,,,3.0,4.0,3.0,1.0,1.0,3.0,8.0,65.0,38.0,42.0,57.0,76.0,77.0,59.16666667,1,42.0,67.0,84.86,Yes,2,
373,530544.0,17.0,1.0,2.0,1.0,1.0,0.0,0,0,0,,,,,,3.0,5.0,5.0,1.0,3.0,1.0,14.0,36.0,77.0,58.0,58.0,76.0,96.0,66.83333333,1,64.6,83.83,64.6,No,1,
374,530545.0,18.0,4.0,4.0,2.0,3.0,0.0,0,0,0,,,,,,5.0,4.0,4.0,1.0,1.0,1.0,0.0,40.0,38.0,19.0,6.0,53.0,57.0,35.5,0,56.6,64.8,56.6,Yes,0,
375,530546.0,18.0,1.0,1.0,4.0,3.0,0.0,0,0,0,,,,,,4.0,3.0,2.0,1.0,2.0,4.0,2.0,59.0,72.0,22.0,93.0,67.0,56.0,61.5,1,59.0,62.0,59.0,Yes,1,
376,530547.0,20.0,4.0,2.0,2.0,3.0,2.0,0,1,1,,,,,,5.0,4.0,3.0,1.0,1.0,3.0,4.0,80.0,67.0,52.0,53.0,78.0,69.0,66.5,1,66.5,70.4,66.5,No,1,
377,530548.0,18.0,4.0,4.0,1.0,2.0,0.0,0,0,1,,,,,,5.0,4.0,3.0,3.0,4.0,2.0,4.0,43.0,62.0,64.0,37.0,73.0,90.0,61.5,1,64.0,80.0,64.0,No,1,
378,530549.0,18.0,3.0,3.0,1.0,2.0,0.0,0,0,1,,,,,,4.0,1.0,3.0,1.0,2.0,1.0,0.0,61.0,5.0,71.0,72.0,56.0,30.0,49.16666667,0,84.0,90.9,84.0,No,0,
379,530550.0,17.0,3.0,1.0,1.0,2.0,0.0,0,1,1,,,,,,4.0,5.0,4.0,2.0,3.0,1.0,17.0,63.0,94.0,14.0,59.0,66.0,75.0,61.83333333,1,69.0,62.0,69.0,No,1,
380,530551.0,18.0,4.0,4.0,1.0,2.0,0.0,0,0,1,,,,,,3.0,2.0,4.0,1.0,4.0,2.0,4.0,21.0,49.0,48.0,51.0,70.0,4.0,40.5,0,69.0,62.0,69.0,No,0,
381,530552.0,18.0,2.0,1.0,2.0,1.0,0.0,0,0,0,,,,,,4.0,4.0,3.0,1.0,3.0,5.0,5.0,80.0,17.0,19.0,6.0,72.0,88.0,47.0,0,81.7,63.0,81.7,No,0,
382,530553.0,17.0,2.0,3.0,2.0,2.0,0.0,0,0,0,,,,,,4.0,4.0,3.0,1.0,1.0,3.0,2.0,70.0,31.0,60.0,21.0,54.0,76.0,52.0,0,63.0,67.0,63.0,No,0,
383,530554.0,19.0,1.0,1.0,2.0,1.0,1.0,0,0,0,,,,,,4.0,3.0,2.0,1.0,3.0,5.0,0.0,5.0,22.0,48.0,33.0,32.0,70.0,35.0,0,40.0,79.0,84.0,Yes,2,
384,530555.0,18.0,4.0,2.0,2.0,1.0,1.0,0,0,1,,,,,,5.0,4.0,3.0,4.0,3.0,3.0,14.0,13.0,88.0,92.0,25.0,83.0,98.0,66.5,1,70.0,63.0,70.0,No,1,
385,530556.0,18.0,2.0,2.0,2.0,3.0,0.0,0,0,1,,,,,,5.0,3.0,3.0,1.0,3.0,4.0,2.0,20.0,45.0,59.0,73.0,62.0,90.0,58.16666667,0,83.84,89.83,83.84,No,0,
386,530557.0,18.0,4.0,4.0,3.0,1.0,0.0,0,1,1,,,,,,4.0,4.0,3.0,2.0,2.0,5.0,7.0,32.0,89.0,91.0,20.0,76.0,58.0,61.0,1,62.0,63.0,62.0,No,1,
387,530558.0,19.0,2.0,3.0,1.0,3.0,1.0,0,0,0,,,,,,5.0,4.0,2.0,1.0,2.0,5.0,0.0,7.0,16.0,28.0,17.0,96.0,82.0,41.0,0,59.6,51.0,59.6,Yes,0,
388,530559.0,18.0,3.0,1.0,1.0,2.0,0.0,0,1,1,,,,,,4.0,3.0,4.0,1.0,1.0,1.0,0.0,25.0,15.0,46.0,25.0,10.0,22.0,84.0,2,66.0,62.0,66.0,No,2,
389,530560.0,18.0,1.0,1.0,2.0,2.0,1.0,0,0,0,,,,,,1.0,1.0,1.0,1.0,1.0,5.0,0.0,65.0,70.0,58.0,4.0,67.0,78.0,57.0,0,84.0,75.0,84.0,No,0,
390,530561.0,20.0,2.0,2.0,1.0,2.0,2.0,0,1,1,,,,,,5.0,5.0,4.0,4.0,5.0,4.0,11.0,16.0,30.0,79.0,51.0,60.0,93.0,54.83333333,0,85.0,90.0,85.0,No,0,
391,530562.0,17.0,3.0,1.0,2.0,1.0,0.0,0,0,0,,,,,,2.0,4.0,5.0,3.0,4.0,2.0,3.0,52.0,82.0,33.0,92.0,31.0,72.0,60.33333333,1,52.0,57.0,52.0,Yes,1,
392,530563.0,21.0,1.0,1.0,1.0,1.0,3.0,0,0,0,,,,,,5.0,5.0,3.0,3.0,3.0,3.0,3.0,87.0,13.0,24.0,82.0,47.0,16.0,44.83333333,0,60.23,69.0,60.23,No,0,
393,530564.0,18.0,3.0,2.0,3.0,1.0,0.0,0,0,0,,,,,,4.0,4.0,1.0,3.0,4.0,5.0,0.0,12.0,77.0,94.0,38.0,15.0,75.0,51.83333333,0,52.0,62.0,52.0,Yes,2,
394,530565.0,19.0,1.0,1.0,1.0,1.0,0.0,0,0,0,,,,,,3.0,2.0,3.0,3.0,3.0,5.0,5.0,16.0,1.0,79.0,84.0,60.0,78.0,53.0,0,58.0,62.0,58.0,Yes,0,
